Time	x	theta1	theta2
2650.925	0.10877989270950392	0.004756055516246569	-0.12545806546660046
2650.948	0.10877989270950392	0.004756055516246569	-0.12545806546660046
2650.976	0.10818947721160262	0.005813530925875696	-0.13363379317439378
2651	0.10736289551454087	0.006166024115375865	-0.13612381716809407
2651.022	0.10641823071789883	0.007576004972904038	-0.1332781438607741
2651.049	0.10641823071789883	0.007576004972904038	-0.1332781438607741
2651.071	0.10559164902083704	0.00792850243119155	-0.1258133526317368
2651.097	0.10452890112461473	0.008281000874654281	-0.11338746735851175
2651.116	0.10452890112461473	0.008281000874654281	-0.11338746735851175
2651.445	0.09295675736574967	0.0012311692527298594	0.10417557632925722
2651.467	0.09213017566868789	-0.001941214057251209	0.11800794111663074
2651.487	0.09165784327036686	-0.0047611257411827	0.12653128351619997
2651.508	0.09165784327036686	-0.0047611257411827	0.12653128351619997
2651.54	0.09118551087204584	-0.00899107126469668	0.13079638346750783
2651.56	0.09094934467288532	-0.01181111965342207	0.1300853694067598
2651.587	0.09106742777246558	-0.01639390860783277	0.124754845815884
2651.608	0.09106742777246558	-0.01639390860783277	0.124754845815884
2651.669	0.0915397601707866	-0.022739897599427173	0.09992360973349396
2651.954	0.09697158275147838	-0.014983787493328713	-0.09495798342878838
2651.978	0.09697158275147838	-0.014983787493328713	-0.09495798342878838
2652.018	0.09756199824937964	0.0001737083493176714	-0.11871058054128744
2652.044	0.09756199824937964	0.0001737083493176714	-0.11871058054128744
2652.065	0.09827049684686118	0.005108546670112163	-0.12581335263173665
2652.097	0.09838857994644143	0.0132161070615352	-0.12616865576321015
2652.119	0.09838857994644143	0.020971970643110904	-0.12190606163429908
2652.142	0.09838857994644143	0.020971970643110904	-0.12190606163429908
2652.163	0.09838857994644143	0.02802383851281239	-0.11409702604218995
2652.184	0.09838857994644143	0.02802383851281239	-0.11409702604218995
2652.534	0.10051407573888604	0.01956173345437061	0.09708997678457265
2652.564	0.10122257433636757	0.010396014677463256	0.10842943403631458
2652.586	0.1021672391330096	0.0012311692527298594	0.11623334921350757
2652.612	0.1021672391330096	0.0012311692527298594	0.11623334921350757
2652.638	0.10287573773049113	-0.008638570703706622	0.12049299846883287
2652.7	0.10488315042335548	-0.027323666845779186	0.11445912493140387
2652.731	0.10606398141915803	-0.03578759050225021	0.10523886036020465
2652.753	0.10748097861412109	-0.04354842621509594	0.0924869803507121
2652.776	0.10748097861412109	-0.04354842621509594	0.0924869803507121
2652.794	0.10889797580908417	-0.050605997410171084	0.07621455041898942
2652.817	0.10889797580908417	-0.050605997410171084	0.07621455041898942
2652.99	0.11645529418222052	-0.04425407985954795	-0.047952964224167914
2653.009	0.11645529418222052	-0.04425407985954795	-0.047952964224167914
2653.06	0.11799037447676386	-0.02697105005191562	-0.08221841394615907
2653.086	0.11858078997466515	-0.016041375382386185	-0.09460390734434557
2653.109	0.11858078997466515	-0.016041375382386185	-0.09460390734434557
2653.16	0.11940737167172691	0.01039601467746334	-0.10771303060091675
2653.181	0.11940737167172691	0.01039601467746334	-0.10771303060091675
2653.206	0.1197616209704677	0.021324536348680246	-0.10877671674189458
2653.231	0.1197616209704677	0.034019008612747405	-0.10523156984468056
2653.255	0.11999778716962822	0.04530752640632528	-0.10027058320321781
2653.275	0.11999778716962822	0.04530752640632528	-0.10027058320321781
2653.295	0.11987970407004796	0.05483665103592128	-0.08929416804810464
2653.636	0.1204701195679492	0.026965978040057712	0.07692159573675601
2653.661	0.12070628576710973	0.01286359022514824	0.08823980635403555
2653.683	0.12070628576710973	0.01286359022514824	0.08823980635403555
2653.708	0.12141478436459129	-0.0012362394241190095	0.09319500328719864
2653.733	0.12176903366333203	-0.016393908607832852	0.09708997678457265
2653.8	0.12283178155955432	-0.04425407985954795	0.0924869803507121
2653.822	0.12354028015703589	-0.05554777778255832	0.08540924811847468
2653.844	0.12354028015703589	-0.05554777778255832	0.08540924811847468
2653.874	0.12401261255535692	-0.06614203763869875	0.07550754327376374
2653.904	0.12472111115283843	-0.07603670190141178	0.062081183117292556
2653.935	0.12519344355115947	-0.08098677155072567	0.04796022275281625
2654.057	0.1276731886423448	-0.07568319836378787	-0.024320365984712
2654.082	0.1276731886423448	-0.07568319836378787	-0.024320365984712
2654.102	0.12814552104066584	-0.06790843837869726	-0.04124903447086005
2654.124	0.12861785343898685	-0.057313022201094355	-0.05818954049491795
2654.15	0.12909018583730789	-0.0453126017828437	-0.07161240143537811
2654.177	0.12909018583730789	-0.0453126017828437	-0.07161240143537811
2654.225	0.12956251823562892	-0.014278738284935501	-0.09070984550349236
2654.248	0.12956251823562892	-0.014278738284935501	-0.09070984550349236
2654.271	0.12944443513604864	0.0036985854251125297	-0.09602028351167334
2654.295	0.12944443513604864	0.018504081249528136	-0.09814521101793638
2654.316	0.12944443513604864	0.018504081249528136	-0.09814521101793638
2654.333	0.12909018583730789	0.03648795134218268	-0.0956661714668377
2654.358	0.12909018583730789	0.04918921630215057	-0.09141775241916089
2654.377	0.12909018583730789	0.04918921630215057	-0.09141775241916089
2654.405	0.12885401963814735	0.06260477041427603	-0.08434069078544423
2654.453	0.12814552104066584	0.08239634975996586	-0.058895724022970206
2654.474	0.12814552104066584	0.08239634975996586	-0.058895724022970206
2654.595	0.1280274379410856	0.08275004173602706	0.003528501057779327
2654.613	0.1280274379410856	0.08275004173602706	0.003528501057779327
2654.761	0.13050718303227093	0.017446449745839608	0.064553546102335
2654.783	0.13050718303227093	0.017446449745839608	0.064553546102335
2654.856	0.13251459572513527	-0.035787590502250125	0.07550754327376391
2654.875	0.13251459572513527	-0.035787590502250125	0.07550754327376391
2654.9	0.13310501122303656	-0.05378270661724581	0.0737401900565784
2654.923	0.1335773436213576	-0.06790843837869726	0.06949947299465359
2654.948	0.1335773436213576	-0.06790843837869726	0.06949947299465359
2655.002	0.13440392531841938	-0.08876951993816741	0.05501933015377464
2655.024	0.13511242391590095	-0.09584941456187832	0.04372592862906341
2655.045	0.13511242391590095	-0.09584941456187832	0.04372592862906341
2655.07	0.13511242391590095	-0.0979743067357202	0.033143457966782655
2655.098	0.13546667321464168	-0.09762012748142439	0.019391617932624075
2655.162	0.1357028394138022	-0.08700025710778975	-0.008808660432584204
2655.186	0.1357028394138022	-0.07709726981721497	-0.02149972993290381
2655.211	0.1357028394138022	-0.07709726981721497	-0.02149972993290381
2655.339	0.1344039253184194	-0.013221177672059676	-0.06207391894155273
2655.491	0.1308614323310117	0.07426419433770799	-0.06701903779107825
2655.511	0.1308614323310117	0.07426419433770799	-0.06701903779107825
2655.536	0.12991676753436965	0.08628753962568694	-0.060661312274087394
2655.555	0.12909018583730789	0.09371986388927266	-0.052541088226696196
2655.578	0.12909018583730789	0.09371986388927266	-0.052541088226696196
2655.601	0.1280274379410856	0.0997402933801867	-0.043013034361021045
2655.628	0.1270827731444435	0.10257467877926092	-0.03243085104831954
2655.646	0.1270827731444435	0.10257467877926092	-0.03243085104831954
2655.67	0.12637427454696204	0.09974029338018653	-0.020442036723805193
2655.697	0.12602002524822123	0.0930118062542924	-0.010218671816530238
2655.95	0.12625619144738176	-0.046724043589125845	0.044784425646684375
2655.977	0.12625619144738176	-0.046724043589125845	0.044784425646684375
2656.025	0.12720085624402377	-0.083462544738143	0.04266748063166945
2656.044	0.12720085624402377	-0.083462544738143	0.04266748063166945
2656.093	0.12838168723982635	-0.11108799402289497	0.03279077946694573
2656.112	0.12838168723982635	-0.11108799402289497	0.03279077946694573
2656.134	0.12897210273772763	-0.11853929353223758	0.026795833315028904
2656.155	0.1292082689368881	-0.12137960129653355	0.01974417229369112
2656.177	0.1292082689368881	-0.12137960129653355	0.01974417229369112
2656.204	0.12944443513604864	-0.11995932586145795	0.011283444179017912
2656.225	0.13003485063394993	-0.1160548129482967	0.0031760122109691143
2656.253	0.13003485063394993	-0.10541498985103302	-0.004578720144222066
2656.281	0.13003485063394993	-0.10541498985103302	-0.004578720144222066
2656.307	0.12991676753436965	-0.0916009224211518	-0.011981214946000148
2656.604	0.12696469004486327	0.08947221224427278	-0.04054347078076756
2656.631	0.12696469004486327	0.10292903463491491	-0.03983792728452303
2656.655	0.126846606945283	0.10966431279946738	-0.035957783253629534
2656.678	0.126846606945283	0.10966431279946738	-0.035957783253629534
2656.701	0.1270827731444435	0.11392072809580082	-0.033841573044452206
2656.728	0.12720085624402377	0.11356594871529846	-0.02925695832088445
2656.752	0.12790935484150534	0.10860052363795285	-0.025730755184543725
2656.778	0.12790935484150534	0.10860052363795285	-0.025730755184543725
2656.802	0.12838168723982635	0.10009454712023998	-0.020794598527053884
2656.83	0.12909018583730789	0.08876442972945875	-0.01726908958745125
2656.853	0.12991676753436965	0.07002331728885898	-0.012686242313443792
2656.877	0.12991676753436965	0.07002331728885898	-0.012686242313443792
2657.089	0.13428584221883913	-0.06861505778833898	0.02291727725807444
2657.11	0.13428584221883913	-0.06861505778833898	0.02291727725807444
2657.134	0.13452200841799963	-0.08558504366340973	0.027148448436610906
2657.157	0.13499434081632067	-0.09974538887330972	0.028558943126687594
2657.178	0.13499434081632067	-0.09974538887330972	0.028558943126687594
2657.22	0.13511242391590095	-0.1135710517564865	0.031027447287752846
2657.242	0.13511242391590095	-0.1135710517564865	0.031027447287752846
2657.261	0.13511242391590095	-0.11499025670727635	0.031027447287752846
2657.284	0.13511242391590095	-0.11499025670727635	0.031027447287752846
2657.304	0.13499434081632067	-0.11250679894630279	0.029969494652436177
2657.327	0.1346400915175799	-0.10576945095241262	0.02820631423571274
2657.357	0.1346400915175799	-0.09655766324203297	0.02468021103024628
2657.379	0.1346400915175799	-0.09655766324203297	0.02468021103024628
2657.661	0.12814552104066584	0.07461766010852895	-0.020089477461833736
2657.685	0.12814552104066584	0.07461766010852895	-0.020089477461833736
2657.709	0.12743702244318428	0.08876442972945875	-0.024320365984712
2657.735	0.12696469004486327	0.09938605219834054	-0.02996224121251563
2657.759	0.12625619144738176	0.10718232978074292	-0.033488886338750315
2657.782	0.12625619144738176	0.10718232978074292	-0.033488886338750315
2657.804	0.12613810834780148	0.10824595472759922	-0.03807415457619368
2657.831	0.125901942148641	0.10753685784513119	-0.040190696530473836
2657.855	0.12566577594948047	0.10257467877926076	-0.042307418641694704
2657.878	0.12566577594948047	0.10257467877926076	-0.042307418641694704
2657.901	0.125901942148641	0.0926577949956591	-0.0437186715101317
2657.928	0.12613810834780148	0.08062804393759451	-0.04442433044236512
2657.965	0.12625619144738176	0.06260477041427587	-0.04407149823127059
2658.241	0.12968060133520917	-0.09443306150897178	-0.0035212508291992796
2658.267	0.12991676753436965	-0.10506054204305507	0.004938461267134543
2658.291	0.12991676753436965	-0.1121520765056083	0.014103567222056029
2658.357	0.1295625182356289	-0.11534509418370914	0.02926421160926907
2658.379	0.1295625182356289	-0.11534509418370914	0.02926421160926907
2658.399	0.12932635203646836	-0.11037867593754913	0.03631775532862311
2658.42	0.12909018583730789	-0.10257977573861328	0.04055072692828667
2658.442	0.12909018583730789	-0.10257977573861328	0.04055072692828667
2658.515	0.12814552104066584	-0.07568319836378795	0.04690157151485714
2658.692	0.12672852384570277	0.04142651953399906	0.021506981792987757
2658.714	0.12672852384570277	0.04142651953399906	0.021506981792987757
2658.738	0.126846606945283	0.058014091010763484	0.011988465650265718
2658.759	0.12720085624402377	0.07179019169667868	0.00035611196371506304
2658.786	0.1274370224431843	0.08310374408795232	-0.01021867181653057
2658.806	0.1274370224431843	0.08310374408795232	-0.01021867181653057
2658.829	0.12814552104066584	0.09018003970358701	-0.02291002517081714
2658.848	0.12814552104066584	0.09018003970358701	-0.02291002517081714
2658.872	0.12838168723982635	0.0944279686514931	-0.03278352538469607
2658.902	0.12944443513604864	0.0954902149558792	-0.04442433044236512
2658.927	0.13003485063394993	0.0930118062542924	-0.05254108822669603
2658.948	0.13003485063394993	0.0930118062542924	-0.05254108822669603
2658.972	0.1308614323310117	0.08699516769252444	-0.059955054562992355
2658.991	0.13133376472933275	0.07921358144252258	-0.06560598451011247
2659.01	0.13133376472933275	0.07921358144252258	-0.06560598451011247
2659.032	0.1322784295259748	0.06790335649885823	-0.06913886991611662
2659.053	0.1327507619242958	0.053777629108629384	-0.07055226364206962
2659.086	0.1327507619242958	0.053777629108629384	-0.07055226364206962
2659.108	0.1332230943226168	0.03825161722978098	-0.06843222510380427
2659.133	0.1338135098205181	0.02238224954763884	-0.06525274179726433
2659.155	0.13393159292009835	0.005108546670112329	-0.058542628605403275
2659.175	0.13393159292009835	0.005108546670112329	-0.058542628605403275
2659.225	0.1344039253184194	-0.02591321962052635	-0.040896250079522016
2659.252	0.1344039253184194	-0.04284279426851097	-0.028199061167850203
2659.282	0.1344039253184194	-0.04284279426851097	-0.028199061167850203
2659.308	0.13428584221883913	-0.055900812628372154	-0.016564014960905368
2659.328	0.13404967601967863	-0.06790843837869726	-0.0017588101371114198
2659.361	0.13369542672093782	-0.07745081170666919	0.011283444179017912
2659.383	0.13369542672093782	-0.07745081170666919	0.011283444179017912
2659.408	0.13345926052177737	-0.08452374648962703	0.02397502862195278
2659.437	0.13286884502387605	-0.08700025710778966	0.037023203335380804
2659.458	0.13239651262555502	-0.0884156452614902	0.04760733308859892
2659.481	0.13239651262555502	-0.0884156452614902	0.04760733308859892
2659.504	0.1316880140280735	-0.0862926287281383	0.0581968029719778
2659.532	0.1308614323310117	-0.0781579246317487	0.06631976073069529
2659.556	0.13003485063394993	-0.06932171151377434	0.07161967025130886
2659.578	0.13003485063394993	-0.06932171151377434	0.07161967025130886
2659.598	0.12909018583730789	-0.058725346209917165	0.07444710334301634
2659.622	0.12802743794108556	-0.04566545365580244	0.07550754327376374
2659.646	0.12802743794108556	-0.04566545365580244	0.07550754327376374
2659.672	0.12731893934360405	-0.032260678777959496	0.07338674727889775
2659.697	0.126846606945283	-0.01956680459238639	0.0670263042892036
2659.722	0.12625619144738176	-0.003703655627369897	0.05960920003921809
2659.748	0.12625619144738176	-0.003703655627369897	0.05960920003921809
2659.769	0.12578385904906075	0.01110102914592423	0.04760733308859892
2659.869	0.1253115266507397	0.04636609889175323	0.003880990343002824
2659.891	0.12519344355115947	0.05518967196719131	-0.011981214946000148
2659.917	0.12519344355115947	0.05518967196719131	-0.011981214946000148
2660.025	0.12578385904906075	0.06543045447706684	-0.0723192046832451
2660.054	0.12625619144738176	0.061898428482815786	-0.08292579784553888
2660.077	0.12625619144738176	0.061898428482815786	-0.08292579784553888
2660.097	0.12672852384570277	0.05554269978353326	-0.09070984550349236
2660.163	0.12755510554276453	0.038251617229781064	-0.09885361851642785
2660.187	0.12814552104066584	0.02590814775055649	-0.09849940856823876
2660.208	0.12814552104066584	0.02590814775055649	-0.09849940856823876
2660.234	0.12849977033940663	0.012863590225148156	-0.09460390734434557
2660.258	0.12909018583730789	0.0019361438801924593	-0.08717098735666713
2660.385	0.12991676753436965	-0.04495975555527958	-0.031020193613744754
2660.414	0.12991676753436965	-0.04495975555527958	-0.031020193613744754
2660.551	0.12861785343898685	-0.06366942252803424	0.0581968029719778
2660.578	0.12861785343898685	-0.06366942252803424	0.0581968029719778
2660.607	0.12826360414024607	-0.06049091648204309	0.07267988923025379
2660.631	0.12826360414024607	-0.056959959190640695	0.08328678077045315
2660.66	0.1280274379410856	-0.051311887487876344	0.09177900390722818
2660.688	0.12814552104066584	-0.045312601782843784	0.09567345495680876
2660.708	0.12814552104066584	-0.045312601782843784	0.09567345495680876
2660.732	0.12802743794108556	-0.03649302488719251	0.09673582811783975
2660.756	0.12849977033940663	-0.028734168443351995	0.09319500328719864
2660.783	0.12849977033940663	-0.028734168443351995	0.09319500328719864
2660.804	0.12873593653856708	-0.01956680459238639	0.08682444006169036
2660.827	0.12897210273772763	-0.008991071264696846	0.07692159573675585
2660.852	0.12932635203646836	0.0005261952371449351	0.06384711702059459
2660.875	0.12932635203646836	0.0005261952371449351	0.06384711702059459
2660.898	0.13003485063394993	0.0089860008923401	0.04901892778584178
2660.924	0.13062526613185116	0.017798991353377182	0.031732768271431025
2660.945	0.13062526613185116	0.017798991353377182	0.031732768271431025
2661.09	0.1325145957251353	0.047424723373747736	-0.05783645964704358
2661.115	0.1325145957251353	0.047424723373747736	-0.05783645964704358
2661.201	0.1327507619242958	0.04954213310487796	-0.0917717230830425
2661.223	0.13286884502387605	0.04636609889175323	-0.09849940856823892
2661.246	0.13286884502387605	0.04636609889175323	-0.09849940856823892
2661.273	0.13263267882471555	0.04213210899500909	-0.10062485582734008
2661.297	0.1322784295259748	0.03754613689748613	-0.09956207578947122
2661.32	0.131924180227234	0.030844956360378088	-0.09424984315549412
2661.346	0.131924180227234	0.030844956360378088	-0.09424984315549412
2661.366	0.13145184782891298	0.02379257297680066	-0.0871709873566668
2661.396	0.13074334923143147	0.014626191269841243	-0.07514678319865237
2661.427	0.13003485063394993	0.0082810008746542	-0.06101445246849666
2661.496	0.1280274379410856	-0.009696075782191227	-0.0260833603741777
2661.607	0.1255476928499002	-0.031908010407963615	0.026443221525938268
2661.631	0.12495727735199894	-0.03860943846518874	0.04231467531980719
2661.655	0.1242487787545174	-0.04425407985954803	0.05713758159428472
2661.678	0.1242487787545174	-0.04425407985954803	0.05713758159428472
2661.701	0.12354028015703589	-0.04778268592275761	0.07055953190931184
2661.721	0.12318603085829508	-0.05095893927229055	0.07868937839701667
2661.743	0.12318603085829508	-0.05095893927229055	0.07868937839701667
2661.77	0.12235944916123331	-0.05131188748787643	0.08611682247762012
2661.796	0.12165095056375176	-0.051311887487876344	0.09036318904369059
2661.82	0.12117861816543074	-0.049194292610340966	0.09036318904369059
2661.847	0.12117861816543074	-0.049194292610340966	0.09036318904369059
2661.873	0.1204701195679492	-0.04495975555527942	0.08894755578752543
2661.902	0.11987970407004793	-0.0396677095489533	0.08293307303153066
2661.926	0.11917120547256643	-0.03331870814712237	0.07515405390349406
2661.948	0.11917120547256643	-0.03331870814712237	0.07515405390349406
2661.971	0.11881695617382562	-0.026618436612376253	0.06278753310710375
2662.122	0.11680954348096129	0.01603630456264944	-0.017269089587451082
2662.147	0.11680954348096129	0.01603630456264944	-0.017269089587451082
2662.261	0.11444788148935617	0.044249004723765265	-0.07656079679756334
2662.283	0.11444788148935617	0.044249004723765265	-0.07656079679756334
2662.303	0.11373938289187469	0.04636609889175306	-0.08504820054902552
2662.329	0.11291280119481285	0.04954213310487796	-0.09035590916079807
2662.352	0.11185005329859057	0.051306810639030365	-0.09141775241916071
2662.372	0.11185005329859057	0.051306810639030365	-0.09141775241916071
2662.4	0.11114155470110902	0.051306810639030365	-0.09212570527824938
2662.424	0.10996072370530646	0.04918921630215057	-0.08787867000553926
2662.449	0.10877989270950394	0.04636609889175306	-0.08151107127877438
2662.471	0.10877989270950394	0.04636609889175306	-0.08151107127877438
2662.491	0.10783522791286188	0.040720950708657756	-0.07090563402245038
2662.515	0.10783522791286188	0.040720950708657756	-0.07090563402245038
2662.537	0.10689056311621983	0.03296095468015383	-0.05889572402297003
2662.565	0.10582781521999751	0.02626075456659054	-0.04371867151013154
2662.634	0.10334807012881217	0.011101029145924396	-0.010923684952143997
2662.66	0.1021672391330096	0.0012311692527298594	0.0052909527439965855
2662.722	0.10027790953972551	-0.019214251449536555	0.03702320333538097
2662.745	0.10027790953972551	-0.019214251449536555	0.03702320333538097
2662.766	0.09933324474308348	-0.02697105005191562	0.05113650401781295
2662.788	0.09850666304602168	-0.03578759050225021	0.06349391446614834
2662.82	0.0976800813489599	-0.0417843862592834	0.07515405390349422
2662.845	0.0976800813489599	-0.0417843862592834	0.07515405390349422
2662.888	0.0963811672535771	-0.05272374477125178	0.08611682247762012
2662.913	0.0963811672535771	-0.05272374477125178	0.08611682247762012
2662.936	0.0955545855565153	-0.05448871464819246	0.0878859482771323
2662.961	0.09543650245693505	-0.056959959190640695	0.08540924811847468
2662.984	0.09472800385945351	-0.05554777778255824	0.0818720120295425
2663.008	0.09472800385945351	-0.05554777778255824	0.0818720120295425
2663.024	0.09437375456071274	-0.05237077069859785	0.0744471033430165
2663.046	0.09437375456071274	-0.05237077069859785	0.0744471033430165
2663.068	0.09366525596323122	-0.047429799248906085	0.06455354610233484
2663.342	0.09201209256910764	0.025202943740239216	-0.05183515335930776
2663.401	0.0923663418678484	0.03966263539029338	-0.07691432405282461
2663.428	0.09213017566868789	0.04671896788272529	-0.08327950537010785
2663.452	0.09248442496742865	0.05060092074409226	-0.08787867000553926
2663.469	0.09248442496742865	0.05060092074409226	-0.08787867000553926
2663.493	0.09272059116658916	0.052718667549221006	-0.08929416804810464
2663.519	0.09272059116658916	0.05413062965102379	-0.08787867000553926
2663.543	0.09272059116658916	0.05413062965102379	-0.08787867000553926
2663.561	0.09283867426616942	0.053777629108629384	-0.08257210071927641
2663.585	0.09283867426616942	0.053777629108629384	-0.08257210071927641
2663.608	0.09295675736574967	0.05201272612254292	-0.07585377100357918
2663.628	0.09342908976407072	0.04777760996226583	-0.0659592354212584
2663.657	0.09331100666449046	0.042484911574237415	-0.052188117539092506
2663.679	0.09331100666449046	0.042484911574237415	-0.052188117539092506
2663.871	0.09437375456071274	-0.008638570703706622	0.04549011814764104
2663.894	0.09460992075987326	-0.01709898121544795	0.0581968029719778
2663.918	0.09484608695903377	-0.02626582648322438	0.07020617017220966
2663.946	0.09484608695903377	-0.02626582648322438	0.07020617017220966
2663.971	0.09496417005861402	-0.0336713928365943	0.08116468942239882
2663.999	0.09543650245693505	-0.04072602508328475	0.08753210123299313
2664.07	0.09602691795483631	-0.0488413818511038	0.09425712566296923
2664.093	0.0963811672535771	-0.04990013256911362	0.09319500328719864
2664.162	0.09744391514979939	-0.050253061857211706	0.0793965601524856
2664.189	0.09838857994644143	-0.04672404358912576	0.0673795886129546
2664.211	0.09838857994644143	-0.04672404358912576	0.0673795886129546
2664.237	0.09874282924518218	-0.0414315940557772	0.05501933015377464
2664.264	0.09956941094224399	-0.034729472220501066	0.039845183226158334
2664.353	0.10204915603342934	-0.013221177672059593	-0.011981214946000148
2664.372	0.10204915603342934	-0.013221177672059593	-0.011981214946000148
2664.394	0.10263957153133063	-0.0022937017137062213	-0.028551689986221908
2664.415	0.10263957153133063	-0.0022937017137062213	-0.028551689986221908
2664.449	0.1032299870292319	0.008633500347100621	-0.045130011511158016
2664.47	0.10405656872629371	0.017446449745839608	-0.059601936957273276
2664.522	0.10570973212041726	0.03437170166482826	-0.08009650819595664
2664.547	0.10570973212041726	0.03437170166482826	-0.08009650819595664
2664.568	0.10606398141915803	0.0424849115742375	-0.08610954532897357
2664.594	0.10689056311621986	0.04777760996226583	-0.09000198416761411
2664.623	0.1077171448132816	0.05165976516005561	-0.0917717230830425
2664.65	0.10807139411202239	0.05554269978353326	-0.08787867000553926
2664.676	0.10807139411202239	0.05554269978353326	-0.08787867000553926
2664.701	0.10877989270950392	0.05624877624905146	-0.08363322333815672
2664.734	0.10925222510782495	0.05554269978353326	-0.07302604412465497
2664.758	0.10996072370530646	0.052718667549221006	-0.0631334551849278
2664.996	0.11196813639817085	0.001583656468078464	0.05078355896485166
2665.019	0.11244046879649183	-0.008286071216139787	0.06420032755112033
2665.04	0.11244046879649183	-0.008286071216139787	0.06420032755112033
2665.065	0.11267663499565234	-0.018156606176453895	0.07621455041898957
2665.085	0.11267663499565234	-0.026618436612376336	0.08540924811847468
2665.121	0.11326705049355361	-0.03472947222050098	0.09142503300662087
2665.155	0.11362129979229443	-0.04213718366647771	0.09461119009603791
2665.188	0.11397554909103519	-0.048841381851103885	0.09354903230411002
2665.23	0.11421171529019569	-0.05237077069859793	0.09071712562030579
2665.285	0.11480213078809696	-0.05413570725644523	0.07409364206299013
2665.309	0.11480213078809696	-0.05413570725644523	0.07409364206299013
2665.335	0.11503829698725745	-0.05201780315670585	0.06278753310710358
2665.355	0.11527446318641796	-0.04919429261034088	0.04866602005718051
2665.372	0.11527446318641796	-0.04919429261034088	0.04866602005718051
2665.397	0.11539254628599821	-0.04248998632150366	0.033496140590632204
2665.424	0.11551062938557849	-0.036493024887192596	0.017628881408344985
2665.449	0.11551062938557849	-0.036493024887192596	0.017628881408344985
2665.569	0.11480213078809696	0.004403564953324268	-0.04513001151115818
2665.591	0.1144478814893562	0.015331244105327794	-0.059601936957273276
2665.616	0.1144478814893562	0.015331244105327794	-0.059601936957273276
2665.641	0.11397554909103519	0.02661336464844636	-0.0694922052678097
2665.664	0.11362129979229443	0.036135231965648544	-0.07762140750472468
2665.688	0.11267663499565234	0.04671896788272529	-0.08186473748103756
2665.711	0.11267663499565234	0.04671896788272529	-0.08186473748103756
2665.735	0.11185005329859057	0.05483665103592128	-0.08363322333815654
2665.754	0.11149580399984978	0.06013270815160848	-0.08398695179486959
2665.779	0.11149580399984978	0.06013270815160848	-0.08398695179486959
2665.805	0.11055113920320775	0.06507721582141114	-0.08115741529424318
2665.828	0.10972455750614594	0.065430454477067	-0.07302604412465497
2665.859	0.10877989270950392	0.06613695636136502	-0.06525274179726433
2665.88	0.10877989270950392	0.06613695636136502	-0.06525274179726433
2665.901	0.10783522791286188	0.06472398529722648	-0.05395303694217966
2665.923	0.10677248001663958	0.06083897345009996	-0.040896250079522016
2665.949	0.10594589831957776	0.05413062965102387	-0.026435968807532306
2665.969	0.10594589831957776	0.05413062965102387	-0.026435968807532306
2665.99	0.10535548282167653	0.04530752640632536	-0.011981214946000148
2666.009	0.10535548282167653	0.04530752640632536	-0.011981214946000148
2666.028	0.10464698422419498	0.03472439899422359	0.0028235237587742024
2666.047	0.10464698422419498	0.03472439899422359	0.0028235237587742024
2666.1	0.10346615322839242	0.010748521243855108	0.031027447287752846
2666.126	0.10311190392965165	-0.0037036556273698142	0.04337310724213644
2666.152	0.10311190392965165	-0.0037036556273698142	0.04337310724213644
2666.174	0.10252148843175038	-0.015336314868978006	0.053607300392036275
2666.205	0.10228532223258988	-0.030144727226081046	0.06278753310710342
2666.229	0.1021672391330096	-0.04248998632150366	0.06879281058087668
2666.253	0.10204915603342934	-0.05272374477125178	0.07267988923025379
2666.274	0.10204915603342934	-0.05272374477125178	0.07267988923025379
2666.325	0.10145874053552809	-0.06861505778833898	0.0737401900565784
2666.349	0.10145874053552809	-0.07497621967034335	0.06949947299465375
2666.366	0.10145874053552809	-0.07497621967034335	0.06949947299465375
2666.39	0.10134065743594782	-0.07532970430174186	0.06349391446614834
2666.417	0.10134065743594782	-0.07532970430174186	0.06349391446614834
2666.437	0.10134065743594782	-0.07532970430174186	0.05643146973405372
2666.46	0.10145874053552809	-0.07214867673433549	0.04619583331913547
2666.483	0.10145874053552809	-0.07214867673433549	0.04619583331913547
2666.513	0.10145874053552809	-0.06720185292707848	0.033496140590632204
2666.535	0.10157682363510834	-0.059078445426189084	0.02044928842298772
2666.604	0.10134065743594782	-0.03649302488719251	-0.004931210995313924
2666.631	0.10122257433636757	-0.023445059352697386	-0.018679264949234928
2666.651	0.10122257433636757	-0.010048579826320852	-0.03066753901286301
2666.673	0.10122257433636757	-0.010048579826320852	-0.03066753901286301
2666.694	0.10134065743594783	0.002288631532867562	-0.04301303436102088
2666.715	0.10134065743594783	0.002288631532867562	-0.04301303436102088
2666.739	0.10110449123678732	0.019209180346187817	-0.0528940654664571
2666.762	0.1006321588384663	0.03472439899422359	-0.0592488267920978
2666.793	0.1006321588384663	0.04671896788272529	-0.0648995072380688
2666.816	0.1006321588384663	0.04671896788272529	-0.0648995072380688
2666.839	0.10027790953972551	0.057661013755199254	-0.06807891555371345
2666.885	0.10015982644014526	0.07497113521952312	-0.06913886991611662
2666.905	0.10015982644014526	0.07497113521952312	-0.06913886991611662
2666.924	0.09992366024098476	0.07992079266015754	-0.06489950723806863
2666.951	0.09945132784266374	0.08275004173602714	-0.05783645964704358
2666.973	0.09945132784266374	0.08275004173602714	-0.05783645964704358
2666.994	0.09933324474308348	0.08239634975996595	-0.05042336083184512
2667.027	0.09933324474308348	0.07815283893974889	-0.04195461870780883
2667.047	0.09933324474308348	0.07815283893974889	-0.04195461870780883
2667.072	0.09909707854392297	0.07320385261735357	-0.03066753901286301
2667.093	0.09933324474308348	0.06401754846475326	-0.01867926494923509
2667.188	0.09956941094224399	0.027318594785361156	0.017981424155274504
2667.21	0.09956941094224399	0.027318594785361156	0.017981424155274504
2667.23	0.09992366024098474	0.010043509402931122	0.028911575569886962
2667.288	0.10027790953972551	-0.019919360167594463	0.049018927785841944
2667.31	0.10027790953972551	-0.019919360167594463	0.049018927785841944
2667.332	0.1006321588384663	-0.03578759050225021	0.05643146973405372
2667.356	0.10122257433636757	-0.0481355785515728	0.06102171616997168
2667.375	0.10122257433636757	-0.0481355785515728	0.06102171616997168
2667.394	0.10134065743594783	-0.06049091648204326	0.0649067727188564
2667.417	0.1021672391330096	-0.07144188216488756	0.06526000744531202
2667.44	0.1021672391330096	-0.07144188216488756	0.06526000744531202
2667.467	0.10228532223258985	-0.07815792463174878	0.0649067727188564
2667.496	0.10275765463091088	-0.08381626812818516	0.06137486414016401
2667.518	0.10311190392965165	-0.08487750155144452	0.05678452212130779
2667.549	0.10334807012881217	-0.08346254473814292	0.05043062024333966
2667.574	0.10334807012881217	-0.08346254473814292	0.05043062024333966
2667.596	0.10393848562671343	-0.07957226832685997	0.04160908046206265
2667.617	0.10441081802503445	-0.07179527495864924	0.030322141744158163
2667.636	0.10441081802503445	-0.07179527495864924	0.030322141744158163
2667.662	0.10500123352293575	-0.06437584355077121	0.01868651639829801
2667.687	0.10500123352293575	-0.050958939272290636	0.008815910897643768
2667.71	0.10500123352293575	-0.050958939272290636	0.008815910897643768
2667.74	0.10570973212041726	-0.037551210641339774	-0.003873740104963543
2667.76	0.10606398141915803	-0.023797644580052655	-0.016211480757731125
2667.785	0.10606398141915803	-0.023797644580052655	-0.016211480757731125
2667.834	0.10689056311621986	0.008281000874654117	-0.037721414430145296
2667.857	0.10689056311621986	0.02661336464844636	-0.044777168187598096
2667.879	0.10689056311621986	0.02661336464844636	-0.044777168187598096
2667.9	0.10759906171370134	0.039309873552946725	-0.05324704930272119
2667.918	0.1077171448132816	0.053777629108629384	-0.05783645964704341
2667.943	0.1077171448132816	0.053777629108629384	-0.05783645964704341
2667.968	0.10807139411202239	0.06543045447706693	-0.06101445246849666
2667.992	0.10877989270950392	0.07391073786216176	-0.06313345518492797
2668.018	0.10877989270950392	0.07391073786216176	-0.06313345518492797
2668.04	0.10889797580908417	0.08204266811461353	-0.0613676002815169
2668.067	0.10937030820740522	0.08628753962568694	-0.05995505456299269
2668.091	0.1098426406057262	0.08699516769252436	-0.055012068984217045
2668.115	0.1098426406057262	0.08699516769252436	-0.055012068984217045
2668.139	0.10972455750614594	0.08734899808129057	-0.04760007468242967
2668.204	0.11055113920320775	0.07567811364167623	-0.028904322355913826
2668.228	0.11078730540236828	0.06649021967931683	-0.01903181448483346
2668.248	0.11078730540236828	0.06649021967931683	-0.01903181448483346
2668.322	0.11185005329859057	0.02661336464844644	0.015161141078914328
2668.346	0.11185005329859057	0.02661336464844644	0.015161141078914328
2668.368	0.1120862194977511	0.011806049132371927	0.026443221525938268
2668.396	0.11244046879649186	-0.0047611257411827	0.037375934229386266
2668.469	0.11279471809523259	-0.0347294722205009	0.053254309777856605
2668.488	0.1130308842943931	-0.04954720950158492	0.058902986800642515
2668.515	0.1130308842943931	-0.04954720950158492	0.058902986800642515
2668.534	0.11326705049355364	-0.06225667556954519	0.062434354213331614
2668.555	0.11338513359313389	-0.07038175722704597	0.06349391446614834
2668.626	0.11373938289187469	-0.08346254473814309	0.06031544304363834
2668.647	0.11373938289187469	-0.08346254473814309	0.06031544304363834
2668.672	0.11350321669271417	-0.0841700020302789	0.05678452212130762
2668.7	0.11373938289187469	-0.08346254473814309	0.05043062024333966
2668.725	0.11350321669271415	-0.07780436329651523	0.04196187527798697
2668.75	0.11326705049355361	-0.07002839991292896	0.034201518386431026
2668.773	0.11326705049355361	-0.07002839991292896	0.034201518386431026
2668.798	0.1130308842943931	-0.0615503489204776	0.02362244191142579
2668.852	0.11220430259733136	-0.0336713928365943	0.003528501057779327
2668.875	0.11220430259733136	-0.0336713928365943	0.003528501057779327
2668.926	0.11137772090026955	-0.0015887266419875165	-0.01867926494923509
2668.949	0.11137772090026955	-0.0015887266419875165	-0.01867926494923509
2668.972	0.11078730540236828	0.013568625540366055	-0.028199061167850203
2669.062	0.10877989270950392	0.06048583702487547	-0.05042336083184512
2669.083	0.1077171448132816	0.07214359334285121	-0.05360003977984175
2669.104	0.1077171448132816	0.07214359334285121	-0.05360003977984175
2669.128	0.10724481241496059	0.07992079266015763	-0.05571812458528269
2669.154	0.10689056311621986	0.08593374185702682	-0.05748338601731734
2669.173	0.10689056311621986	0.08593374185702682	-0.05748338601731734
2669.194	0.10606398141915803	0.09053397040094449	-0.05571812458528269
2669.216	0.10606398141915803	0.09053397040094449	-0.05571812458528269
2669.238	0.10594589831957776	0.08805669179608393	-0.054659051499987725
2669.269	0.10523739972209625	0.08664134822242339	-0.04901166888429456
2669.292	0.10500123352293575	0.07956718206639767	-0.04336585023477185
2669.315	0.10500123352293575	0.07956718206639767	-0.04336585023477185
2669.336	0.10500123352293575	0.07108341530335774	-0.037015948180999916
2669.355	0.10441081802503445	0.058014091010763484	-0.02819906116785004
2669.379	0.10441081802503445	0.058014091010763484	-0.02819906116785004
2669.404	0.10441081802503445	0.045307526406325446	-0.01973692069726323
2669.453	0.10441081802503445	0.011453538427489914	-0.0014063228294626175
2669.477	0.10441081802503445	0.011453538427489914	-0.0014063228294626175
2669.5	0.10452890112461473	-0.006523588346360045	0.008815910897643933
2669.525	0.10500123352293575	-0.02415023276642766	0.01727634085265897
2669.546	0.10500123352293575	-0.02415023276642766	0.01727634085265897
2669.574	0.10500123352293575	-0.041078807011821636	0.02503280681583703
2669.597	0.10500123352293575	-0.054488714648192375	0.03349614059063204
2669.62	0.105119316622516	-0.06755514143048966	0.040903506331344305
2669.64	0.105119316622516	-0.06755514143048966	0.040903506331344305
2669.666	0.10535548282167653	-0.07886507671841653	0.044431587787157965
2669.687	0.10594589831957776	-0.08841564526149012	0.04690157151485714
2669.706	0.10594589831957776	-0.08841564526149012	0.04690157151485714
2669.725	0.10594589831957776	-0.09266288700740423	0.04972476161746113
2669.753	0.10606398141915803	-0.09514121410584896	0.05007768780897483
2669.778	0.10606398141915803	-0.09514121410584896	0.05007768780897483
2669.8	0.10606398141915803	-0.09301689843387415	0.049371841624510734
2669.824	0.1066543969170593	-0.09053906141941127	0.04478442564668454
2669.845	0.1066543969170593	-0.09053906141941127	0.04478442564668454
2669.867	0.10689056311621986	-0.08204775539484356	0.04055072692828667
2669.889	0.10689056311621986	-0.07073512334388632	0.035612325403137246
2669.962	0.10724481241496059	-0.04213718366647771	0.020449288422987884
2669.985	0.10783522791286188	-0.02697105005191562	0.010225922378891446
2670.008	0.10783522791286188	-0.02697105005191562	0.010225922378891446
2670.039	0.1077171448132816	-0.009696075782191227	0.001413573020208587
2670.123	0.10854372651034341	0.04213210899500909	-0.025025554360730257
2670.15	0.10854372651034341	0.04213210899500909	-0.025025554360730257
2670.177	0.10877989270950392	0.05554269978353334	-0.03207818074703506
2670.208	0.10877989270950392	0.07108341530335774	-0.037721414430145296
2670.24	0.10901605890866442	0.08168899675482631	-0.043365850234771686
2670.266	0.10937030820740518	0.08911831539149943	-0.047952964224167914
2670.288	0.10972455750614594	0.09371986388927274	-0.049717502462761916
2670.318	0.1098426406057262	0.09549021495587928	-0.04936458259684255
2670.34	0.1098426406057262	0.09549021495587928	-0.04936458259684255
2670.361	0.1098426406057262	0.09478203881922723	-0.04865876128084315
2670.384	0.11007880680488671	0.08982612033316821	-0.04513001151115785
2670.404	0.11007880680488671	0.08982612033316821	-0.04513001151115785
2670.425	0.11031497300404725	0.08345745686090875	-0.04160182399891088
2670.447	0.11031497300404725	0.08345745686090875	-0.04160182399891088
2670.468	0.11066922230278803	0.07249700401512894	-0.035605070620626816
2670.498	0.11078730540236828	0.060132708151608406	-0.02749381400925468
2670.519	0.11078730540236828	0.04742472337374782	-0.020442036723805027
2670.539	0.11078730540236828	0.04742472337374782	-0.020442036723805027
2670.559	0.11125963780068927	0.029787009597385908	-0.011981214945999982
2670.577	0.11125963780068927	0.029787009597385908	-0.011981214945999982
2670.597	0.11149580399984978	0.013568625540366138	-0.002816273546408548
2670.671	0.11149580399984978	-0.020271918219033073	0.015513669408022448
2670.718	0.11161388709943006	-0.05307672541901008	0.0327907794669459
2670.742	0.11161388709943006	-0.05307672541901008	0.0327907794669459
2670.765	0.11161388709943006	-0.06649530107586608	0.039845183226158334
2670.79	0.11125963780068927	-0.07532970430174186	0.046548699516858374
2670.811	0.11125963780068927	-0.07532970430174186	0.046548699516858374
2670.832	0.11078730540236828	-0.08310883181496093	0.051489455446533085
2670.856	0.11078730540236828	-0.08806178168545861	0.05431330172315335
2670.885	0.11043305610362752	-0.08983121102577243	0.05537235464236322
2670.91	0.11043305610362752	-0.08983121102577243	0.05537235464236322
2670.959	0.10960647440656572	-0.08240143718847266	0.052195377608523816
2670.984	0.10889797580908417	-0.07391582191088983	0.04937184162451056
2671.008	0.10889797580908417	-0.07391582191088983	0.04937184162451056
2671.03	0.10818947721160262	-0.0633162239694288	0.04584297287746792
2671.054	0.10783522791286188	-0.05237077069859785	0.037728669775899275
2671.082	0.10783522791286188	-0.05237077069859785	0.037728669775899275
2671.105	0.10712672931538036	-0.035434880012957935	0.030674792607937314
2671.149	0.10618206451873828	-0.005113616903868042	0.009520914272090961
2671.171	0.10618206451873828	-0.005113616903868042	0.009520914272090961
2671.2	0.10594589831957776	0.011101029145924477	-0.0003488617797253711
2671.303	0.10500123352293575	0.05413062965102379	-0.032783525384696234
2671.357	0.10417465182587396	0.07426419433770799	-0.047952964224167914
2671.388	0.10405656872629371	0.08027441326886511	-0.05395303694217982
2671.424	0.10405656872629371	0.08310374408795224	-0.05818954049491795
2671.462	0.10417465182587396	0.08275004173602714	-0.0613676002815169
2671.494	0.10429273492545418	0.07956718206639775	-0.06242708987767045
2671.581	0.10500123352293572	0.05554269978353334	-0.05465905149998756
2671.611	0.10500123352293572	0.05554269978353334	-0.05465905149998756
2671.721	0.10618206451873828	-0.0015887266419874336	-0.020089477461833736
2671.746	0.10618206451873828	-0.0015887266419874336	-0.020089477461833736
2671.765	0.10689056311621983	-0.019214251449536555	-0.008808660432583873
2671.789	0.10689056311621986	-0.030497376186670404	0.0031760122109691143
2671.819	0.1077171448132816	-0.046371174514729135	0.014103567222056029
2671.84	0.1077171448132816	-0.046371174514729135	0.014103567222056029
2671.864	0.10795331101244214	-0.05837225432374275	0.023975028621952946
2671.886	0.10795331101244214	-0.06755514143048966	0.03596503812774854
2671.914	0.10795331101244214	-0.06755514143048966	0.03596503812774854
2671.934	0.10877989270950392	-0.07709726981721489	0.044078755462678504
2671.953	0.10889797580908417	-0.08027949981744675	0.051489455446533085
2671.975	0.10889797580908417	-0.08027949981744675	0.051489455446533085
2671.999	0.10901605890866442	-0.08275512931345982	0.05890298680064268
2672.027	0.1091341420082447	-0.08098677155072559	0.06349391446614834
2672.049	0.10913414200824467	-0.07603670190141178	0.0649067727188564
2672.073	0.10913414200824467	-0.07603670190141178	0.0649067727188564
2672.094	0.10925222510782494	-0.07002839991292896	0.06596650140658124
2672.12	0.10937030820740522	-0.061197197147520074	0.06420032755112016
2672.14	0.10937030820740522	-0.061197197147520074	0.06420032755112016
2672.168	0.10925222510782495	-0.047429799248906085	0.05960920003921809
2672.189	0.10925222510782495	-0.035434880012957935	0.053960297692345664
2672.207	0.10925222510782495	-0.035434880012957935	0.053960297692345664
2672.234	0.10901605890866442	-0.020624478790577307	0.04760733308859909
2672.257	0.10901605890866442	-0.0029986779253752304	0.03702320333538097
2672.282	0.10889797580908417	0.010748521243855192	0.027501066934623113
2672.308	0.10889797580908417	0.010748521243855192	0.027501066934623113
2672.329	0.10877989270950392	0.02731859478536124	0.01586619966527597
2672.351	0.10889797580908417	0.0396626353902933	0.003528501057779493
2672.374	0.10889797580908417	0.0396626353902933	0.003528501057779493
2672.402	0.10877989270950392	0.05271866754922109	-0.00880866043258404
2672.473	0.10877989270950392	0.07179019169667868	-0.03137285207374182
2672.499	0.10842564341076313	0.07992079266015771	-0.04160182399891072
2672.52	0.10818947721160262	0.08487241306680697	-0.04936458259684255
2672.548	0.10818947721160262	0.08487241306680697	-0.04936458259684255
2672.571	0.10818947721160262	0.08487241306680697	-0.05713031956128443
2672.593	0.10830756031118288	0.08310374408795232	-0.06242708987767045
2672.614	0.10830756031118288	0.08310374408795232	-0.06242708987767045
2672.641	0.10842564341076313	0.07709218454476312	-0.06560598451011214
2672.662	0.10818947721160262	0.0707300404665889	-0.06489950723806846
2672.687	0.10842564341076313	0.06083897345010013	-0.06560598451011214
2672.708	0.10842564341076313	0.06083897345010013	-0.06560598451011214
2672.729	0.10818947721160262	0.04954213310487804	-0.0613676002815169
2672.752	0.10818947721160262	0.03613523196564871	-0.05642420799252251
2672.774	0.10818947721160262	0.03613523196564871	-0.05642420799252251
2672.803	0.10795331101244214	0.023439987791687492	-0.04865876128084332
2672.828	0.10795331101244214	0.006518518071025125	-0.03948516299880358
2672.853	0.10795331101244214	-0.009696075782191227	-0.02749381400925468
2672.873	0.10795331101244214	-0.009696075782191227	-0.02749381400925468
2672.894	0.10795331101244214	-0.0245028239557313	-0.016916551222861845
2672.922	0.10783522791286188	-0.03755121064133986	-0.004578720144222066
2672.945	0.10783522791286188	-0.03755121064133986	-0.004578720144222066
2672.973	0.10783522791286188	-0.051664842101241414	0.006700925663557845
2673.001	0.10783522791286188	-0.06296303331986855	0.018686516398298176
2673.028	0.10759906171370134	-0.07073512334388607	0.030674792607937314
2673.058	0.10724481241496059	-0.07532970430174195	0.04302029125772646
2673.078	0.10724481241496059	-0.07532970430174195	0.04302029125772646
2673.11	0.10712672931538036	-0.08063313063120829	0.051136504017812785
2673.131	0.10712672931538036	-0.08134042262109621	0.0581968029719778
2673.157	0.10689056311621986	-0.07992587906435554	0.06314071984318163
2673.185	0.10689056311621986	-0.07497621967034351	0.0673795886129546
2673.209	0.10689056311621986	-0.07497621967034351	0.0673795886129546
2673.231	0.10689056311621986	-0.06861505778833907	0.0673795886129546
2673.251	0.10689056311621986	-0.06013778750046457	0.06596650140658107
2673.275	0.10689056311621986	-0.06013778750046457	0.06596650140658107
2673.3	0.10689056311621986	-0.04742979924890617	0.062434354213331614
2673.322	0.10689056311621986	-0.035434880012957935	0.056078424388091984
2673.345	0.10689056311621986	-0.035434880012957935	0.056078424388091984
2673.372	0.10712672931538036	-0.020624478790577473	0.04760733308859892
2673.394	0.10759906171370137	-0.007933572758186704	0.037728669775899275
2673.415	0.10759906171370137	-0.007933572758186704	0.037728669775899275
2673.432	0.10783522791286188	0.006166024115375948	0.02432761831358977
2673.484	0.10866180960992369	0.032608278297115566	3.6250917695597337e-6
2673.507	0.10866180960992369	0.032608278297115566	3.6250917695597337e-6
2673.53	0.10877989270950392	0.04636609889175323	-0.012333727863352273
2673.554	0.1091341420082447	0.0558957345293498	-0.02326260599179301
2673.575	0.1091341420082447	0.0558957345293498	-0.02326260599179301
2673.598	0.10960647440656572	0.0643707628598814	-0.03666322198976028
2673.625	0.10996072370530646	0.07108341530335766	-0.04830585974222124
2673.645	0.10996072370530646	0.07108341530335766	-0.04830585974222124
2673.667	0.11043305610362752	0.07461766010852887	-0.05677726023449926
2673.694	0.11066922230278803	0.07673865244927101	-0.06383985203607971
2673.715	0.11066922230278803	0.07673865244927101	-0.06383985203607971
2673.735	0.11078730540236828	0.07709218454476303	-0.06701903779107825
2673.761	0.11078730540236828	0.07426419433770799	-0.06913886991611662
2673.778	0.11078730540236828	0.07426419433770799	-0.06913886991611662
2673.8	0.11149580399984978	0.0679033564988584	-0.06913886991611645
2673.827	0.11161388709943006	0.05977958678578218	-0.06666576201707258
2673.849	0.11161388709943006	0.05977958678578218	-0.06666576201707258
2673.876	0.11161388709943004	0.05060092074409226	-0.061720755757686686
2673.898	0.11161388709943006	0.04072095070865784	-0.05465905149998756
2673.922	0.11161388709943006	0.027318594785361156	-0.045482860457240336
2673.945	0.11161388709943006	0.027318594785361156	-0.045482860457240336
2673.969	0.11161388709943006	0.01462619126984116	-0.034194263961295254
2673.992	0.11137772090026955	0.0033460963722256533	-0.020089477461833736
2674.015	0.11137772090026955	0.0033460963722256533	-0.020089477461833736
2674.041	0.11114155470110902	-0.010048579826320852	-0.007398666561668217
2674.061	0.11078730540236828	-0.02309247704045633	0.005643444878268344
2674.125	0.11019688990446697	-0.04601831121836055	0.030674792607937314
2674.148	0.11019688990446697	-0.04601831121836055	0.030674792607937314
2674.172	0.10972455750614594	-0.05378270661724581	0.04407875546267867
2674.221	0.10877989270950392	-0.06508229674495217	0.06384711702059442
2674.244	0.10877989270950392	-0.06508229674495217	0.06384711702059442
2674.266	0.10830756031118288	-0.06720185292707848	0.07091290247166739
2674.295	0.10783522791286188	-0.06790843837869726	0.07586104209728367
2674.319	0.10724481241496059	-0.06472906610412098	0.07692159573675601
2674.341	0.10724481241496059	-0.06472906610412098	0.07692159573675601
2674.367	0.10689056311621986	-0.059431552017041804	0.07586104209728352
2674.394	0.1066543969170593	-0.054488714648192375	0.07232647386957694
2674.417	0.1066543969170593	-0.054488714648192375	0.07232647386957694
2674.443	0.10618206451873828	-0.04531260178284362	0.064553546102335
2674.464	0.10606398141915803	-0.03719847744097637	0.05713758159428472
2674.487	0.10594589831957776	-0.026265826483224296	0.04549011814764104
2674.508	0.10594589831957776	-0.026265826483224296	0.04549011814764104
2674.532	0.10594589831957776	-0.014983787493328548	0.03349614059063204
2674.632	0.10606398141915803	0.019914288994280844	-0.010571177727520609
2674.655	0.10606398141915803	0.029081730355326883	-0.02537815319470267
2674.676	0.10606398141915803	0.029081730355326883	-0.02537815319470267
2674.696	0.10606398141915803	0.03895711660981017	-0.038779649131638255
2674.716	0.10630014761831856	0.04671896788272529	-0.052188117539092506
2674.741	0.10630014761831856	0.04671896788272529	-0.052188117539092506
2674.764	0.10689056311621986	0.052012726122542756	-0.06454628078788929
2674.793	0.10700864621580011	0.056601824987056744	-0.07337947753004719
2674.817	0.10700864621580011	0.056601824987056744	-0.07337947753004719
2674.838	0.10700864621580011	0.059426472882888264	-0.0790356914338336
2674.864	0.10783522791286188	0.059073366398426884	-0.08434069078544423
2674.891	0.10783522791286188	0.05836717550684356	-0.08434069078544423
2674.914	0.10783522791286188	0.05836717550684356	-0.08434069078544423
2674.937	0.10795331101244214	0.05518967196719139	-0.08186473748103773
2674.962	0.10866180960992369	0.04954213310487796	-0.0790356914338336
2674.983	0.10877989270950392	0.042132108995009174	-0.07231920468324493
2675.001	0.10877989270950392	0.042132108995009174	-0.07231920468324493
2675.024	0.10877989270950392	0.03507710064496495	-0.060308179653759814
2675.046	0.10877989270950392	0.03507710064496495	-0.060308179653759814
2675.069	0.10889797580908417	0.02626075456659054	-0.047952964224168074
2675.188	0.10877989270950392	-0.01357369617483519	0.01234097859870264
2675.212	0.10877989270950392	-0.01357369617483519	0.01234097859870264
2675.233	0.10866180960992369	-0.021682176064637362	0.028911575569886962
2675.258	0.10842564341076313	-0.029439440510729997	0.045137269085447206
2675.282	0.10807139411202239	-0.036845748870949435	0.0581968029719778
2675.303	0.10807139411202239	-0.036845748870949435	0.0581968029719778
2675.324	0.10795331101244214	-0.042842794268510884	0.07055953190931184
2675.348	0.10783522791286188	-0.047429799248906085	0.07868937839701651
2675.377	0.10783522791286188	-0.047429799248906085	0.07868937839701651
2675.4	0.1077171448132816	-0.050605997410171	0.08540924811847468
2675.423	0.10783522791286188	-0.05307672541901008	0.0885936755090473
2675.443	0.10783522791286188	-0.05307672541901008	0.0885936755090473
2675.463	0.10795331101244214	-0.053429712686222416	0.08753210123299296
2675.492	0.10795331101244214	-0.050605997410171084	0.08470171662214282
2675.516	0.10795331101244214	-0.050605997410171084	0.08470171662214282
2675.538	0.10807139411202239	-0.0481355785515728	0.07939656015248577
2675.562	0.10866180960992369	-0.043548426215096026	0.06843949229853519
2675.582	0.10877989270950392	-0.03684574887094935	0.0581968029719778
2675.601	0.10877989270950392	-0.03684574887094935	0.0581968029719778
2675.652	0.10901605890866442	-0.019214251449536555	0.03067479260793748
2675.676	0.10901605890866442	-0.019214251449536555	0.03067479260793748
2675.707	0.10889797580908417	-0.008991071264696763	0.016923802444361112
2675.737	0.10925222510782494	0.0005261952371449351	-0.0003488617797253711
2675.763	0.10937030820740522	0.010748521243855108	-0.01762163009852663
2675.792	0.10948839130698544	0.018856629625862674	-0.03207818074703489
2675.817	0.10960647440656572	0.027671214928297844	-0.046541441472666735
2675.837	0.10960647440656572	0.027671214928297844	-0.046541441472666735
2675.859	0.10948839130698544	0.03789887470470843	-0.05889572402297003
2675.882	0.10937030820740518	0.04601323567817314	-0.06913886991611662
2675.907	0.10937030820740518	0.04601323567817314	-0.06913886991611662
2675.924	0.10901605890866442	0.05130681063903045	-0.07656079679756334
2675.95	0.10889797580908417	0.05660182498705683	-0.08186473748103756
2675.98	0.10889797580908417	0.05660182498705683	-0.08186473748103756
2676.001	0.10889797580908417	0.0587202672879064	-0.08398695179486976
2676.021	0.10807139411202236	0.06119211747180758	-0.08151107127877438
2676.045	0.10807139411202236	0.06119211747180758	-0.08151107127877438
2676.068	0.10783522791286188	0.059073366398426884	-0.07868210571086934
2676.095	0.10759906171370137	0.056954880787792234	-0.07231920468324493
2676.117	0.10712672931538036	0.05201272612254284	-0.06313345518492797
2676.141	0.10712672931538036	0.05201272612254284	-0.06313345518492797
2676.164	0.10689056311621986	0.045660378197767394	-0.052541088226696196
2676.193	0.10689056311621986	0.03578251708663389	-0.04054347078076756
2676.216	0.10689056311621986	0.03578251708663389	-0.04054347078076756
2676.241	0.10653631381747905	0.027671214928298007	-0.0260833603741777
2676.267	0.10630014761831856	0.016388837759106836	-0.011981214946000148
2676.328	0.10606398141915803	-0.006171094379370945	0.017628881408344985
2676.351	0.10606398141915803	-0.018156606176453895	0.029616851288796858
2676.373	0.10606398141915803	-0.018156606176453895	0.029616851288796858
2676.403	0.10606398141915803	-0.02873416844335183	0.043725928629063576
2676.426	0.10606398141915803	-0.03860943846518874	0.055019330153774804
2676.449	0.10594589831957776	-0.04742979924890592	0.06455354610233484
2676.473	0.10594589831957776	-0.04742979924890592	0.06455354610233484
2676.497	0.10677248001663958	-0.057666092363794136	0.06914613746466934
2676.518	0.10689056311621986	-0.06296303331986863	0.07303331368507689
2676.539	0.10689056311621986	-0.06296303331986863	0.07303331368507689
2676.567	0.10712672931538036	-0.06649530107586617	0.07515405390349406
2676.585	0.10748097861412112	-0.06755514143048957	0.0740936420629903
2676.605	0.10748097861412112	-0.06755514143048957	0.0740936420629903
2676.63	0.10783522791286188	-0.06720185292707856	0.06949947299465359
2676.65	0.10818947721160262	-0.0633162239694288	0.0642003275511205
2676.683	0.10866180960992369	-0.059078445426189084	0.05643146973405372
2676.7	0.10866180960992369	-0.059078445426189084	0.05643146973405372
2676.726	0.10889797580908417	-0.051311887487876344	0.046548699516858374
2676.753	0.10925222510782494	-0.041078807011821636	0.03490691320651607
2676.776	0.10925222510782494	-0.041078807011821636	0.03490691320651607
2676.798	0.10972455750614594	-0.03120268553356077	0.02291727725807444
2676.816	0.10972455750614594	-0.03120268553356077	0.02291727725807444
2676.865	0.1098426406057262	-0.005466108701927018	-0.003521250829199114
2676.888	0.11043305610362752	0.00687101283662643	-0.01726908958745125
2676.914	0.11043305610362752	0.00687101283662643	-0.01726908958745125
2676.938	0.11031497300404725	0.01991428899428076	-0.030314888227112844
2676.962	0.1104330561036275	0.03225560597130737	-0.041954618707809
2676.989	0.11043305610362752	0.04354335123662558	-0.05112924434587807
2677.014	0.11043305610362752	0.04354335123662558	-0.05112924434587807
2677.037	0.11043305610362752	0.05342463527377239	-0.058895724022970206
2677.059	0.11031497300404725	0.06225159556121054	-0.06419306240209886
2677.088	0.11031497300404725	0.06931662914035559	-0.06843222510380427
2677.108	0.11031497300404725	0.06931662914035559	-0.06843222510380427
2677.137	0.1098426406057262	0.0735572906370027	-0.06701903779107825
2677.161	0.1098426406057262	0.07638512996356603	-0.06701903779107825
2677.187	0.1098426406057262	0.07426419433770799	-0.0641930624020987
2677.211	0.1098426406057262	0.07426419433770799	-0.0641930624020987
2677.236	0.10960647440656572	0.07143679903178586	-0.05995505456299269
2677.285	0.10901605890866442	0.05977958678578226	-0.04054347078076739
2677.309	0.10901605890866442	0.05977958678578226	-0.04054347078076739
2677.335	0.10877989270950392	0.04918921630215065	-0.03066753901286301
2677.361	0.10877989270950392	0.039309873552946725	-0.019384366386220216
2677.461	0.10783522791286188	-0.0008837523598498565	0.018686516398298176
2677.484	0.1077171448132816	-0.016041375382386102	0.030322141744158163
2677.501	0.1077171448132816	-0.016041375382386102	0.030322141744158163
2677.522	0.10759906171370137	-0.02979208201542526	0.04196187527798697
2677.545	0.10759906171370137	-0.02979208201542526	0.04196187527798697
2677.598	0.10736289551454084	-0.05237077069859777	0.056784522121307954
2677.623	0.10759906171370134	-0.06225667556954511	0.06102171616997168
2677.647	0.10759906171370134	-0.06225667556954511	0.06102171616997168
2677.668	0.10783522791286188	-0.07144188216488764	0.06314071984318163
2677.693	0.10783522791286188	-0.07709726981721506	0.064553546102335
2677.714	0.10783522791286188	-0.07709726981721506	0.064553546102335
2677.736	0.10783522791286188	-0.07992587906435546	0.06314071984318163
2677.755	0.10795331101244214	-0.08027949981744675	0.059256089721448794
2677.778	0.10795331101244214	-0.08027949981744675	0.059256089721448794
2677.8	0.10830756031118288	-0.07851149575737663	0.05254834843044998
2677.831	0.10818947721160262	-0.07179527495864924	0.045137269085447206
2677.853	0.10842564341076313	-0.06402262904028008	0.035965038127748705
2677.876	0.10842564341076313	-0.06402262904028008	0.035965038127748705
2677.9	0.10854372651034341	-0.054488714648192375	0.026443221525938435
2677.925	0.10854372651034344	-0.041784386259283476	0.01445609002976963
2677.945	0.10854372651034344	-0.041784386259283476	0.01445609002976963
2677.965	0.10866180960992367	-0.02873416844335191	0.0028235237587742024
2677.99	0.10818947721160262	-0.0125161455519031	-0.008456160432534375
2678.013	0.10818947721160262	-0.0125161455519031	-0.008456160432534375
2678.09	0.10783522791286188	0.033666319793955075	-0.03772141443014513
2678.113	0.10783522791286188	0.033666319793955075	-0.03772141443014513
2678.136	0.1077171448132816	0.048130502505111465	-0.04583571507004615
2678.159	0.1077171448132816	0.058014091010763484	-0.052188117539092346
2678.182	0.10783522791286188	0.06755005967243746	-0.05818954049491795
2678.202	0.10783522791286188	0.06755005967243746	-0.05818954049491795
2678.224	0.10783522791286188	0.07461766010852895	-0.06101445246849666
2678.249	0.10783522791286188	0.08027441326886511	-0.06242708987767045
2678.271	0.10783522791286188	0.08027441326886511	-0.06242708987767045
2678.299	0.10795331101244214	0.08204266811461353	-0.06136760028151707
2678.322	0.10783522791286188	0.08168899675482623	-0.05818954049491795
2678.345	0.10783522791286188	0.08168899675482623	-0.05818954049491795
2678.37	0.10807139411202236	0.0774457262950152	-0.05395303694217966
2678.391	0.10866180960992369	0.0700233172888589	-0.047952964224168074
2678.414	0.10866180960992369	0.0700233172888589	-0.047952964224168074
2678.462	0.10877989270950392	0.052012726122543006	-0.03066753901286301
2678.491	0.10901605890866442	0.039309873552946725	-0.02008947746183357
2678.512	0.10901605890866442	0.039309873552946725	-0.02008947746183357
2678.587	0.10948839130698544	-0.0022937017137061384	0.014456090029769797
2678.609	0.10948839130698544	-0.0022937017137061384	0.014456090029769797
2678.63	0.10948839130698544	-0.017098981215447867	0.02432761831358977
2678.656	0.10960647440656572	-0.03155534600782884	0.03596503812774854
2678.682	0.10948839130698546	-0.043195607551654504	0.04478442564668454
2678.7	0.10948839130698546	-0.043195607551654504	0.04478442564668454
2678.722	0.10972455750614594	-0.05519474986685756	0.05184241329532866
2678.746	0.10972455750614594	-0.05519474986685756	0.05184241329532866
2678.774	0.10960647440656572	-0.06472906610412106	0.05854989123231188
2678.799	0.10937030820740522	-0.07108849830823505	0.06349391446614817
2678.819	0.10913414200824467	-0.07532970430174186	0.0670263042892036
2678.848	0.10913414200824467	-0.07532970430174186	0.0670263042892036
2678.87	0.10889797580908417	-0.07745081170666919	0.06561325032633847
2678.893	0.10866180960992369	-0.07462274442467277	0.0649067727188564
2678.916	0.10866180960992369	-0.07462274442467277	0.0649067727188564
2678.939	0.10854372651034341	-0.07073512334388615	0.060315443043638506
2678.963	0.10807139411202239	-0.06366942252803424	0.05466631252883518
2678.985	0.10783522791286188	-0.05519474986685764	0.04690157151485714
2679.006	0.10783522791286188	-0.05519474986685764	0.04690157151485714
2679.028	0.10759906171370137	-0.0453126017828437	0.0391396593685891
2679.051	0.1077171448132816	-0.03437677482925951	0.02468021103024661
2679.074	0.1077171448132816	-0.03437677482925951	0.02468021103024661
2679.099	0.10712672931538036	-0.019214251449536722	0.01445609002976963
2679.197	0.10689056311621986	0.020971970643110655	-0.02361518970516449
2679.267	0.10689056311621986	0.045660378197767394	-0.045482860457240336
2679.327	0.10689056311621986	0.06260477041427595	-0.06172075575768685
2679.396	0.10712672931538036	0.07108341530335757	-0.07090563402245038
2679.423	0.10759906171370137	0.07108341530335766	-0.07231920468324493
2679.445	0.10759906171370137	0.07108341530335766	-0.07231920468324493
2679.464	0.10783522791286188	0.06896329809015718	-0.07019890208602107
2679.488	0.10795331101244214	0.0657837013088348	-0.06631249457535718
2679.513	0.10795331101244214	0.0657837013088348	-0.06631249457535718
2679.538	0.10818947721160264	0.05942647288288835	-0.06066131227408755
2679.564	0.10877989270950392	0.049895056083253134	-0.05324704930272136
2679.635	0.10901605890866442	0.030139654754423505	-0.03207818074703489
2679.663	0.10925222510782495	0.018151535173320115	-0.019384366386220216
2679.754	0.10948839130698544	-0.019214251449536555	0.02221212400231736
2679.783	0.10948839130698544	-0.019214251449536555	0.02221212400231736
2679.805	0.10925222510782495	-0.029792082015425343	0.03490691320651607
2679.861	0.1091341420082447	-0.049900132569113534	0.056431469734053885
2679.882	0.10889797580908417	-0.056253854448710144	0.0670263042892036
2679.904	0.10889797580908417	-0.056253854448710144	0.0670263042892036
2679.928	0.1088979758090842	-0.061903508379635624	0.0719730675582055
2679.951	0.10877989270950392	-0.06437584355077121	0.07586104209728352
2679.971	0.10877989270950392	-0.06437584355077121	0.07586104209728352
2679.996	0.10877989270950392	-0.06508229674495217	0.07727513282274212
2680.021	0.10877989270950392	-0.06437584355077121	0.07515405390349406
2680.047	0.10877989270950392	-0.06437584355077121	0.07515405390349406
2680.094	0.10807139411202236	-0.05307672541901	0.06667302834334475
2680.118	0.10783522791286188	-0.04460691492891172	0.0581968029719778
2680.14	0.10783522791286188	-0.04460691492891172	0.0581968029719778
2680.164	0.10783522791286188	-0.03614030544564487	0.04690157151485714
2680.189	0.10783522791286188	-0.025560615980352346	0.03490691320651607
2680.211	0.10783522791286188	-0.025560615980352346	0.03490691320651607
2680.234	0.10783522791286188	-0.014983787493328632	0.021506981792987757
2680.254	0.10783522791286188	-0.002998677925375396	0.006700925663557845
2680.279	0.10783522791286188	-0.002998677925375396	0.006700925663557845
2680.351	0.1083075603111829	0.02802383851281239	-0.03701594818099975
2680.375	0.1083075603111829	0.02802383851281239	-0.03701594818099975
2680.396	0.10842564341076316	0.03754613689748621	-0.05007042852633321
2680.419	0.10877989270950392	0.04636609889175323	-0.06313345518492797
2680.442	0.10877989270950392	0.04636609889175323	-0.06313345518492797
2680.464	0.10866180960992369	0.05236569357081979	-0.06984554930952434
2680.49	0.10877989270950392	0.0569548807877924	-0.07656079679756349
2680.519	0.10877989270950392	0.06119211747180758	-0.0800965081959568
2680.541	0.10877989270950392	0.06119211747180758	-0.0800965081959568
2680.565	0.10842564341076318	0.06366434206722858	-0.07974289263132588
2680.586	0.10818947721160264	0.06366434206722858	-0.07762140750472468
2680.605	0.10818947721160264	0.06366434206722858	-0.07762140750472468
2680.626	0.10818947721160264	0.060132708151608406	-0.07337947753004719
2680.653	0.10795331101244214	0.05518967196719139	-0.06631249457535718
2680.675	0.10795331101244214	0.05518967196719139	-0.06631249457535718
2680.697	0.10783522791286188	0.04989505608325305	-0.0567772602344991
2680.72	0.10783522791286188	0.04142651953399906	-0.044777168187598096
2680.748	0.10783522791286188	0.04142651953399906	-0.044777168187598096
2680.848	0.10783522791286188	-0.0022937017137062213	0.010225922378891446
2680.868	0.10783522791286188	-0.0022937017137062213	0.010225922378891446
2680.888	0.10783522791286188	-0.015688844150716284	0.022917277258074274
2680.912	0.10783522791286188	-0.015688844150716284	0.022917277258074274
2680.941	0.10795331101244214	-0.02661843661237642	0.03667047704981425
2680.962	0.10807139411202236	-0.03684574887094935	0.04831311839425885
2680.988	0.10842564341076318	-0.047076918485774596	0.05713758159428455
2681.011	0.10842564341076318	-0.047076918485774596	0.05713758159428455
2681.038	0.10877989270950392	-0.05590081262837207	0.06526000744531202
2681.06	0.10877989270950392	-0.060844053016219764	0.07232647386957694
2681.085	0.10877989270950392	-0.06366942252803416	0.07515405390349406
2681.107	0.10877989270950392	-0.06366942252803416	0.07515405390349406
2681.137	0.10877989270950392	-0.0657887824675953	0.07656806828382763
2681.159	0.10901605890866442	-0.06508229674495217	0.07515405390349422
2681.189	0.10889797580908417	-0.061903508379635624	0.07126628190406618
2681.211	0.10889797580908417	-0.061903508379635624	0.07126628190406618
2681.233	0.10901605890866445	-0.05590081262837224	0.06526000744531202
2681.257	0.1091341420082447	-0.04778268592275753	0.056431469734053885
2681.285	0.10889797580908417	-0.03860943846518874	0.046548699516858374
2681.308	0.10889797580908417	-0.03860943846518874	0.046548699516858374
2681.334	0.10877989270950392	-0.028381537792743813	0.035612325403137246
2681.356	0.10877989270950392	-0.01639390860783277	0.02221212400231736
2681.478	0.10795331101244214	0.022029675757056208	-0.018326717735559234
2681.551	0.10783522791286188	0.05060092074409226	-0.05395303694217966
2681.572	0.10783522791286188	0.05060092074409226	-0.05395303694217966
2681.597	0.10783522791286188	0.05836717550684356	-0.0631334551849278
2681.618	0.1077171448132816	0.06295795308658102	-0.06984554930952434
2681.639	0.1077171448132816	0.06295795308658102	-0.06984554930952434
2681.661	0.10783522791286188	0.06613695636136493	-0.0744398330233412
2681.683	0.10783522791286188	0.06613695636136493	-0.07585377100357935
2681.706	0.10783522791286188	0.06613695636136493	-0.07585377100357935
2681.729	0.10783522791286188	0.06472398529722648	-0.07585377100357935
2681.754	0.10783522791286188	0.06189842848281587	-0.07302604412465497
2681.778	0.10783522791286188	0.06189842848281587	-0.07302604412465497
2681.801	0.10795331101244214	0.05448363694532786	-0.06913886991611662
2681.825	0.10807139411202239	0.04707184269531331	-0.060308179653759814
2681.845	0.10807139411202239	0.04707184269531331	-0.060308179653759814
2681.872	0.1083075603111829	0.03789887470470843	-0.05183515335930776
2681.897	0.1083075603111829	0.02661336464844644	-0.04054347078076756
2681.918	0.10866180960992369	0.014273667600685425	-0.02749381400925468
2681.939	0.10866180960992369	0.014273667600685425	-0.02749381400925468
2682.031	0.10842564341076313	-0.020271918219033073	0.014808614634110123
2682.058	0.10818947721160262	-0.030850028941169675	0.028911575569887125
2682.078	0.10818947721160262	-0.030850028941169675	0.028911575569887125
2682.099	0.10807139411202236	-0.0389621906276644	0.04266748063166945
2682.129	0.10795331101244214	-0.04778268592275753	0.05431330172315335
2682.15	0.10795331101244214	-0.05413570725644523	0.06420032755112033
2682.177	0.10795331101244214	-0.05413570725644523	0.06420032755112033
2682.199	0.10795331101244214	-0.059078445426189	0.07126628190406618
2682.225	0.10795331101244214	-0.06190350837963571	0.07692159573675585
2682.25	0.10795331101244214	-0.06331622396942889	0.07904296432320139
2682.27	0.10795331101244214	-0.06331622396942889	0.07904296432320139
2682.295	0.10807139411202236	-0.0615503489204776	0.07798223607381646
2682.318	0.10818947721160262	-0.05766609236379405	0.07480057394154997
2682.341	0.10818947721160262	-0.05766609236379405	0.07480057394154997
2682.369	0.1085437265103434	-0.05378270661724589	0.06879281058087684
2682.389	0.10877989270950392	-0.04601831121836047	0.06102171616997151
2682.411	0.10877989270950392	-0.04601831121836047	0.06102171616997151
2682.431	0.10877989270950392	-0.03684574887094935	0.049724761617460964
2682.455	0.10877989270950392	-0.02556061598035218	0.037728669775899275
2682.481	0.10877989270950392	-0.02556061598035218	0.037728669775899275
2682.506	0.10877989270950392	-0.01639390860783277	0.02503280681583703
2682.537	0.10877989270950392	-0.0037036556273697314	0.013046009140325943
2682.582	0.10877989270950392	0.020266847009790374	-0.016564014960905534
2682.612	0.10877989270950392	0.020266847009790374	-0.016564014960905534
2682.734	0.10807139411202239	0.05836717550684356	-0.060308179653759814
2682.758	0.10795331101244214	0.0643707628598814	-0.06701903779107841
2682.785	0.10795331101244214	0.06649021967931674	-0.07337947753004719
2682.809	0.10795331101244214	0.06649021967931674	-0.07337947753004719
2682.832	0.10807139411202236	0.06613695636136502	-0.07656079679756349
2682.854	0.10783522791286188	0.06543045447706693	-0.07585377100357935
2682.877	0.10783522791286188	0.06543045447706693	-0.07585377100357935
2682.9	0.10783522791286188	0.06189842848281587	-0.07302604412465497
2682.925	0.1077171448132816	0.05660182498705683	-0.0684322251038041
2682.951	0.10783522791286188	0.04848340104653469	-0.06101445246849666
2682.975	0.10783522791286188	0.04848340104653469	-0.06101445246849666
2683.064	0.10818947721160264	0.01497871675677582	-0.028199061167850203
2683.086	0.10818947721160264	0.002993607735087423	-0.015506418352338373
2683.114	0.10818947721160264	0.002993607735087423	-0.015506418352338373
2683.137	0.10818947721160262	-0.00899107126469668	-0.0021112976632875115
2683.186	0.10842564341076313	-0.033671392836594136	0.02609061302540358
2683.21	0.10842564341076313	-0.033671392836594136	0.02609061302540358
2683.26	0.1083075603111829	-0.050958939272290636	0.04972476161746113
2683.284	0.10830756031118288	-0.05731302220109427	0.059609200039218255
2683.319	0.10818947721160262	-0.06260985053476652	0.06773288135929065
2683.342	0.10818947721160262	-0.06260985053476652	0.06773288135929065
2683.365	0.10818947721160262	-0.06402262904028008	0.07338674727889792
2683.391	0.10830756031118288	-0.06578878246759538	0.0765680682838278
2683.414	0.10830756031118288	-0.06578878246759538	0.0765680682838278
2683.44	0.10818947721160262	-0.0633162239694288	0.07692159573675601
2683.468	0.1083075603111829	-0.05943155201704163	0.0744471033430165
2683.517	0.10818947721160262	-0.0449597555552795	0.0642003275511205
2683.539	0.10818947721160262	-0.0449597555552795	0.0642003275511205
2683.569	0.10830756031118288	-0.034729472220501066	0.05396029769234583
2683.592	0.10830756031118288	-0.02415023276642766	0.04337310724213644
2683.613	0.10830756031118288	-0.02415023276642766	0.04337310724213644
2683.638	0.10877989270950392	-0.015688844150716204	0.028558943126687594
2683.665	0.10877989270950392	-0.0022937017137060556	0.01586619966527597
2683.689	0.10866180960992369	0.010748521243855108	0.0028235237587742024
2683.712	0.10866180960992369	0.010748521243855108	0.0028235237587742024
2683.764	0.10877989270950392	0.03225560597130737	-0.025730755184543725
2683.788	0.10877989270950392	0.042132108995009174	-0.0384268994619966
2683.808	0.10877989270950392	0.042132108995009174	-0.0384268994619966
2683.832	0.10854372651034344	0.0513068106390302	-0.049717502462761916
2683.855	0.10842564341076318	0.0587202672879064	-0.059248826792097635
2683.883	0.10818947721160262	0.06437076285988157	-0.0656059845101123
2683.908	0.10818947721160262	0.06437076285988157	-0.0656059845101123
2683.948	0.10807139411202239	0.06755005967243746	-0.07090563402245038
2683.967	0.10795331101244214	0.06790335649885831	-0.07337947753004719
2683.987	0.10807139411202236	0.06613695636136502	-0.0751467831986522
2684.012	0.10807139411202236	0.06613695636136502	-0.0751467831986522
2684.041	0.10795331101244214	0.062251595561210626	-0.07267261985733804
2684.063	0.10783522791286188	0.056954880787792234	-0.06949220526780954
2684.085	0.10795331101244214	0.048836305630793046	-0.06278026861060453
2684.109	0.10795331101244214	0.048836305630793046	-0.06278026861060453
2684.13	0.10795331101244214	0.0396626353902933	-0.05430604083410303
2684.204	0.10783522791286188	0.017446449745839608	-0.03207818074703489
2684.226	0.10795331101244214	0.002993607735087423	-0.016916551222861845
2684.251	0.10783522791286188	-0.007933572758186704	-0.004578720144222066
2684.274	0.10783522791286188	-0.007933572758186704	-0.004578720144222066
2684.296	0.10795331101244214	-0.019566804592386473	0.009168412015229672
2684.322	0.10818947721160262	-0.03296602760353321	0.022564699227445886
2684.345	0.10818947721160262	-0.03296602760353321	0.022564699227445886
2684.369	0.10807139411202236	-0.04248998632150366	0.03561232540313741
2684.389	0.10818947721160262	-0.05201780315670585	0.046548699516858374
2684.41	0.10818947721160262	-0.05201780315670585	0.046548699516858374
2684.434	0.10807139411202236	-0.05872534620991708	0.05678452212130779
2684.456	0.10830756031118288	-0.06366942252803424	0.064553546102335
2684.48	0.10830756031118288	-0.06366942252803424	0.064553546102335
2684.503	0.10830756031118288	-0.06649530107586608	0.07020617017220966
2684.523	0.1083075603111829	-0.06720185292707848	0.0737401900565784
2684.554	0.10854372651034341	-0.0657887824675953	0.07515405390349422
2684.577	0.10854372651034341	-0.0657887824675953	0.07515405390349422
2684.6	0.10830756031118288	-0.06084405301621985	0.0744471033430165
2684.623	0.10830756031118288	-0.054488714648192375	0.07020617017220966
2684.641	0.10830756031118288	-0.054488714648192375	0.07020617017220966
2684.686	0.10842564341076316	-0.03790394851611113	0.05572538603900015
2684.714	0.10842564341076316	-0.03790394851611113	0.05572538603900015
2684.738	0.10830756031118288	-0.024855418191875592	0.04478442564668454
2684.76	0.10830756031118288	-0.014278738284935418	0.033496140590632204
2684.786	0.10854372651034341	-0.0015887266419874336	0.020801850278967794
2684.808	0.10854372651034341	-0.0015887266419874336	0.020801850278967794
2684.834	0.10866180960992369	0.010043509402931038	0.006348431294246444
2684.95	0.10842564341076316	0.0537776291086293	-0.04583571507004631
2684.976	0.10842564341076316	0.0537776291086293	-0.04583571507004631
2685	0.10842564341076313	0.06083897345010013	-0.05713031956128443
2685.029	0.10842564341076313	0.06507721582141122	-0.06348664964522244
2685.054	0.10830756031118288	0.06755005967243746	-0.06949220526780954
2685.078	0.10830756031118288	0.06755005967243746	-0.06949220526780954
2685.099	0.10807139411202236	0.0696699688583379	-0.07302604412465497
2685.115	0.10807139411202236	0.0696699688583379	-0.07302604412465497
2685.137	0.10795331101244214	0.06790335649885831	-0.07337947753004719
2685.161	0.10795331101244214	0.0643707628598814	-0.07267261985733804
2685.255	0.10783522791286188	0.04001540216595371	-0.054659051499987725
2685.272	0.10783522791286188	0.04001540216595371	-0.054659051499987725
2685.297	0.10783522791286188	0.03013965475442342	-0.045482860457240336
2685.37	0.10783522791286188	0.004756055516246487	-0.020089477461833736
2685.389	0.10783522791286188	-0.008638570703706622	-0.006693675317416257
2685.413	0.10783522791286188	-0.008638570703706622	-0.006693675317416257
2685.501	0.10807139411202239	-0.0439012503030026	0.03138010582758825
2685.525	0.10795331101244214	-0.05272374477125178	0.0430202912577263
2685.549	0.10795331101244214	-0.05272374477125178	0.0430202912577263
2685.573	0.10807139411202239	-0.05943155201704163	0.05396029769234583
2685.597	0.10818947721160262	-0.06543553551789659	0.06208118311729272
2685.62	0.10818947721160262	-0.06755514143048949	0.06773288135929065
2685.649	0.10807139411202236	-0.0686150577883389	0.07232647386957694
2685.672	0.10807139411202236	-0.0686150577883389	0.07232647386957694
2685.693	0.10807139411202236	-0.066495301075866	0.0744471033430165
2685.717	0.10830756031118288	-0.06296303331986855	0.07232647386957694
2685.74	0.10830756031118288	-0.06296303331986855	0.07232647386957694
2685.759	0.10818947721160262	-0.05625385444871006	0.06914613746466951
2685.779	0.10818947721160262	-0.05625385444871006	0.06914613746466951
2685.801	0.10842564341076313	-0.04848847717960236	0.0634939144661485
2685.83	0.10830756031118288	-0.03755121064133986	0.05537235464236338
2685.853	0.10842564341076313	-0.027323666845779106	0.04443158778715813
2685.876	0.10842564341076313	-0.027323666845779106	0.04443158778715813
2685.9	0.10818947721160262	-0.015336314868977925	0.03525961711074113
2685.927	0.10842564341076313	-0.001941214057251126	0.02185955153879539
2685.988	0.10842564341076313	0.02414516112030191	-0.004226229862038193
2686.013	0.10842564341076313	0.02414516112030191	-0.004226229862038193
2686.04	0.1083075603111829	0.035077100644964866	-0.017269089587451082
2686.095	0.10842564341076313	0.05377762910862946	-0.043718671510131375
2686.114	0.10842564341076313	0.05377762910862946	-0.043718671510131375
2686.163	0.10807139411202236	0.06755005967243755	-0.05960193695727311
2686.182	0.10818947721160262	0.07002331728885906	-0.06701903779107825
2686.205	0.10818947721160262	0.07002331728885906	-0.06701903779107825
2686.255	0.10795331101244214	0.06931662914035559	-0.07267261985733804
2686.277	0.10795331101244214	0.06931662914035559	-0.07267261985733804
2686.327	0.10807139411202239	0.05907336639842697	-0.06807891555371345
2686.399	0.10783522791286188	0.04142651953399906	-0.056071162790924625
2686.501	0.10795331101244214	0.005108546670112163	-0.02255744719833597
2686.528	0.10783522791286188	-0.007933572758186704	-0.00880866043258404
2686.623	0.10783522791286188	-0.043195607551654504	0.029969494652436177
2686.648	0.10783522791286188	-0.043195607551654504	0.029969494652436177
2686.67	0.10795331101244214	-0.05272374477125178	0.040903506331344305
2686.688	0.10807139411202239	-0.06013778750046449	0.05043062024333983
2686.71	0.10807139411202239	-0.06013778750046449	0.05043062024333983
2686.737	0.10795331101244214	-0.06614203763869868	0.059256089721448794
2686.765	0.10795331101244214	-0.06896838033921572	0.06561325032633847
2686.787	0.10807139411202239	-0.07002839991292904	0.07091290247166739
2686.81	0.10807139411202239	-0.07002839991292904	0.07091290247166739
2686.862	0.10830756031118288	-0.06366942252803424	0.07091290247166739
2686.884	0.10842564341076313	-0.05907844542618892	0.06773288135929065
2686.903	0.10842564341076313	-0.05907844542618892	0.06773288135929065
2686.929	0.10830756031118288	-0.050253061857211706	0.06384711702059459
2686.949	0.10830756031118288	-0.050253061857211706	0.06384711702059459
2686.971	0.10842564341076313	-0.03931494764088654	0.05431330172315352
2687	0.10842564341076313	-0.028734168443351745	0.046548699516858374
2687.021	0.10842564341076316	-0.016041375382386185	0.03667047704981425
2687.048	0.10842564341076316	-0.016041375382386185	0.03667047704981425
2687.075	0.10842564341076313	-0.0040561451467327776	0.023269858138100973
2687.126	0.10854372651034341	0.023792572976800576	-0.0010538356965460014
2687.149	0.10830756031118288	0.035782517086634054	-0.015153890062429462
2687.17	0.10830756031118288	0.035782517086634054	-0.015153890062429462
2687.189	0.10842564341076313	0.046013235678173225	-0.027493814009254512
2687.211	0.10842564341076313	0.046013235678173225	-0.027493814009254512
2687.236	0.10830756031118288	0.05554269978353326	-0.039837927284522866
2687.261	0.10830756031118288	0.06331114362270295	-0.04971750246276175
2687.283	0.10830756031118288	0.06755005967243746	-0.05818954049491795
2687.305	0.10830756031118288	0.06755005967243746	-0.05818954049491795
2687.336	0.10818947721160262	0.07143679903178594	-0.06489950723806846
2687.357	0.10818947721160266	0.07285042375834774	-0.0677256145147017
2687.379	0.10818947721160266	0.07285042375834774	-0.0677256145147017
2687.401	0.10818947721160262	0.0707300404665889	-0.07125901327195301
2687.42	0.10795331101244214	0.06790335649885831	-0.07055226364206979
2687.442	0.10795331101244214	0.06790335649885831	-0.07055226364206979
2687.466	0.10818947721160262	0.060838973450100045	-0.06772561451470153
2687.494	0.10795331101244214	0.05307164810208871	-0.06278026861060453
2687.516	0.10795331101244214	0.05307164810208871	-0.06278026861060453
2687.536	0.10807139411202239	0.04213210899500909	-0.056071162790924625
2687.561	0.10807139411202239	0.030844956360378168	-0.04760007468242967
2687.635	0.10795331101244214	0.006518518071025125	-0.024672958638706062
2687.729	0.10795331101244214	-0.032966027603533295	0.014808614634109958
2687.749	0.10783522791286188	-0.04248998632150374	0.027148448436610906
2687.78	0.10795331101244214	-0.05272374477125178	0.0373759342293861
2687.802	0.10795331101244214	-0.05272374477125178	0.0373759342293861
2687.819	0.10807139411202239	-0.061550348920477685	0.04831311839425885
2687.846	0.10807139411202239	-0.061550348920477685	0.04831311839425885
2687.93	0.10795331101244214	-0.07179527495864932	0.06843949229853502
2688	0.10807139411202236	-0.066495301075866	0.07091290247166739
2688.025	0.10818947721160262	-0.05907844542618892	0.06773288135929065
2688.099	0.10830756031118288	-0.04178438625928332	0.05537235464236338
2688.121	0.10854372651034341	-0.03190801040796353	0.04760733308859909
2688.142	0.10854372651034341	-0.03190801040796353	0.04760733308859909
2688.171	0.10866180960992369	-0.017451520685317867	0.03596503812774854
2688.193	0.10877989270950392	-0.005818601179160832	0.024327618313589604
2688.217	0.10854372651034341	0.008986000892340182	0.013751046167132847
2688.24	0.10854372651034341	0.008986000892340182	0.013751046167132847
2688.267	0.10854372651034341	0.02097197064311082	-0.0003488617797253711
2688.292	0.10830756031118288	0.035782517086634054	-0.01162870351756301
2688.315	0.10830756031118288	0.035782517086634054	-0.01162870351756301
2688.336	0.10842564341076316	0.04601323567817306	-0.024672958638705896
2688.364	0.10818947721160262	0.05660182498705691	-0.03454695913330294
2688.389	0.1083075603111829	0.06331114362270295	-0.04689431335091611
2688.41	0.1083075603111829	0.06331114362270295	-0.04689431335091611
2688.436	0.10807139411202236	0.07037667447668436	-0.05465905149998756
2688.455	0.10807139411202236	0.07320385261735365	-0.06101445246849666
2688.482	0.10830756031118288	0.07320385261735357	-0.06666576201707258
2688.5	0.10830756031118288	0.07320385261735357	-0.06666576201707258
2688.519	0.10830756031118288	0.07249700401512903	-0.06807891555371345
2688.543	0.10830756031118288	0.07249700401512903	-0.06807891555371345
2688.568	0.10830756031118288	0.06896329809015726	-0.06878554320969495
2688.593	0.10807139411202236	0.06331114362270303	-0.06666576201707258
2688.613	0.10807139411202236	0.06331114362270303	-0.06666576201707258
2688.634	0.10818947721160262	0.05377762910862946	-0.062073918941552564
2688.658	0.10818947721160262	0.044601839713519435	-0.05571812458528269
2688.688	0.10818947721160262	0.03260827829711565	-0.047952964224167914
2688.713	0.10818947721160262	0.03260827829711565	-0.047952964224167914
2688.737	0.10795331101244214	0.021324536348680326	-0.037368678979771905
2688.759	0.10795331101244214	0.00792850243119155	-0.024672958638706062
2688.776	0.10795331101244214	0.00792850243119155	-0.024672958638706062
2688.799	0.10795331101244214	-0.006171094379371028	-0.011981214946000148
2688.824	0.10807139411202239	-0.017804062324367608	-0.0003488617797253711
2688.849	0.10795331101244214	-0.03226067877795941	0.011283444179017745
2688.869	0.10795331101244214	-0.03226067877795941	0.011283444179017745
2688.897	0.10783522791286188	-0.0417843862592834	0.02362244191142579
2688.919	0.10807139411202239	-0.05307672541901008	0.03561232540313741
2688.948	0.10807139411202239	-0.05307672541901008	0.03561232540313741
2688.963	0.10795331101244214	-0.06119719714751999	0.04654869951685821
2688.99	0.10783522791286188	-0.06720185292707856	0.05466631252883518
2689.012	0.10783522791286188	-0.06720185292707856	0.05466631252883518
2689.037	0.10795331101244214	-0.07179527495864932	0.06137486414016401
2689.084	0.10795331101244214	-0.07179527495864932	0.06843949229853502
2689.111	0.10795331101244214	-0.07179527495864932	0.06843949229853502
2689.132	0.10818947721160262	-0.06896838033921564	0.06843949229853519
2689.19	0.10830756031118288	-0.054488714648192375	0.061728019774422056
2689.216	0.10830756031118288	-0.054488714648192375	0.061728019774422056
2689.249	0.10866180960992369	-0.03437677482925959	0.04654869951685821
2689.267	0.10866180960992369	-0.03437677482925959	0.04654869951685821
2689.284	0.10866180960992369	-0.020977041926105236	0.03667047704981441
2689.311	0.10866180960992369	-0.020977041926105236	0.03667047704981441
2689.337	0.10854372651034341	-0.007933572758186621	0.025032806815837198
2689.361	0.10877989270950392	0.007576004972904038	0.013751046167132682
2689.441	0.10866180960992369	0.032608278297115566	-0.011981214946000148
2689.464	0.10866180960992369	0.04389617524619375	-0.023967776354835064
2689.487	0.10842564341076318	0.05518967196719131	-0.03454695913330311
2689.51	0.10842564341076318	0.05518967196719131	-0.03454695913330311
2689.535	0.10842564341076313	0.06437076285988157	-0.04513001151115785
2689.558	0.1083075603111829	0.06966996885833783	-0.05395303694217966
2689.581	0.1083075603111829	0.06966996885833783	-0.05395303694217966
2689.603	0.10830756031118288	0.07461766010852904	-0.05960193695727311
2689.666	0.10807139411202236	0.07461766010852912	-0.06666576201707258
2689.69	0.10818947721160264	0.07002331728885898	-0.06701903779107841
2689.712	0.10818947721160264	0.07002331728885898	-0.06701903779107841
2689.74	0.10830756031118288	0.06472398529722656	-0.06525274179726416
2689.761	0.10807139411202239	0.05766101375519917	-0.06101445246849666
2689.785	0.10830756031118288	0.04707184269531331	-0.05536509333118234
2689.812	0.10830756031118288	0.04707184269531331	-0.05536509333118234
2689.834	0.10807139411202236	0.036487951342182766	-0.0461885753937836
2689.852	0.10818947721160262	0.02414516112030191	-0.037368678979771745
2689.872	0.10818947721160262	0.02414516112030191	-0.037368678979771745
2689.894	0.10807139411202239	0.010396014677463256	-0.025730755184543725
2689.915	0.10807139411202239	0.010396014677463256	-0.025730755184543725
2689.937	0.10795331101244214	-0.004056145146732861	-0.014801363655922724
2689.988	0.10795331101244214	-0.03085002894116976	0.01057842831645996
2690.012	0.10795331101244214	-0.03085002894116976	0.01057842831645996
2690.035	0.10783522791286188	-0.043195607551654504	0.02221212400231736
2690.056	0.10795331101244214	-0.053429712686222416	0.0324381050471109
2690.081	0.10783522791286188	-0.062256675569545276	0.04407875546267867
2690.103	0.10783522791286188	-0.062256675569545276	0.04407875546267867
2690.166	0.10795331101244214	-0.07250208753677187	0.05996231779844661
2690.191	0.10807139411202239	-0.07497621967034335	0.064553546102335
2690.215	0.10807139411202239	-0.07497621967034335	0.064553546102335
2690.239	0.10783522791286188	-0.07356237455299144	0.0680861825729135
2690.266	0.10795331101244214	-0.06967505135676026	0.06773288135929048
2690.293	0.10807139411202239	-0.06437584355077121	0.0652600074453122
2690.316	0.10807139411202239	-0.06437584355077121	0.0652600074453122
2690.337	0.10807139411202239	-0.055900812628372154	0.061728019774422056
2690.359	0.10830756031118288	-0.047429799248906	0.05396029769234583
2690.382	0.10842564341076316	-0.03578759050225029	0.045842972877467754
2690.406	0.10842564341076316	-0.03578759050225029	0.045842972877467754
2690.431	0.10842564341076313	-0.022387320985711043	0.03667047704981441
2690.452	0.10866180960992369	-0.011106099626019519	0.024680211030246448
2690.478	0.10866180960992369	-0.011106099626019519	0.024680211030246448
2690.503	0.10866180960992369	0.005108546670112163	0.013398526821166741
2690.652	0.10842564341076318	0.06366434206722858	-0.04371867151013154
2690.671	0.10842564341076318	0.06366434206722858	-0.04371867151013154
2690.696	0.10830756031118288	0.07037667447668428	-0.05112924434587807
2690.716	0.10842564341076313	0.07426419433770808	-0.058542628605403116
2690.745	0.10842564341076313	0.07426419433770808	-0.058542628605403116
2690.769	0.10818947721160264	0.07638512996356595	-0.06207391894155273
2690.789	0.10807139411202236	0.07673865244927118	-0.06454628078788913
2690.816	0.10807139411202236	0.07673865244927118	-0.06454628078788913
2690.842	0.10818947721160264	0.07285042375834783	-0.06489950723806863
2690.938	0.10795331101244214	0.05024798528156058	-0.05430604083410303
2690.96	0.10818947721160262	0.0368406752602922	-0.04654144147266657
2690.985	0.10807139411202236	0.024497752266100105	-0.03772141443014513
2691.002	0.10807139411202236	0.024497752266100105	-0.03772141443014513
2691.028	0.10795331101244214	0.01286359022514824	-0.0260833603741777
2691.053	0.10795331101244214	-0.001941214057251209	-0.014801363655922724
2691.074	0.10795331101244214	-0.001941214057251209	-0.014801363655922724
2691.127	0.10795331101244214	-0.030144727226081046	0.008463410875522034
2691.149	0.10795331101244214	-0.030144727226081046	0.008463410875522034
2691.177	0.10783522791286188	-0.0417843862592834	0.021506981792987757
2691.201	0.10783522791286188	-0.05307672541901008	0.03208543466327303
2691.225	0.10783522791286188	-0.06013778750046449	0.04266748063166945
2691.248	0.10783522791286188	-0.06013778750046449	0.04266748063166945
2691.272	0.10783522791286188	-0.06861505778833898	0.05113650401781295
2691.295	0.10795331101244214	-0.07391582191088983	0.05713758159428455
2691.319	0.10783522791286188	-0.07426927851982097	0.06314071984318163
2691.335	0.10783522791286188	-0.07426927851982097	0.06314071984318163
2691.36	0.10783522791286188	-0.07426927851982097	0.06596650140658124
2691.388	0.1079533110124421	-0.07179527495864924	0.06561325032633863
2691.413	0.1079533110124421	-0.07179527495864924	0.06561325032633863
2691.437	0.10795331101244214	-0.06543553551789667	0.0649067727188564
2691.466	0.10795331101244214	-0.057666092363794136	0.05996231779844661
2691.536	0.10830756031118288	-0.03825669110936669	0.04549011814764104
2691.555	0.10866180960992369	-0.02591321962052635	0.03596503812774854
2691.572	0.10866180960992369	-0.02591321962052635	0.03596503812774854
2691.597	0.10877989270950392	-0.012868660812358585	0.024327618313589604
2691.736	0.10877989270950392	0.041426519533999145	-0.02149972993290381
2691.764	0.10866180960992369	0.05307164810208871	-0.033136203800169683
2691.833	0.10842564341076316	0.0700233172888589	-0.04936458259684272
2691.859	0.10818947721160262	0.07638512996356603	-0.05571812458528269
2691.886	0.10818947721160262	0.07850640992423275	-0.05924882679209747
2691.916	0.10818947721160262	0.07850640992423275	-0.06278026861060436
2691.941	0.10818947721160262	0.07850640992423275	-0.06278026861060436
2691.964	0.10818947721160266	0.07426419433770791	-0.0634866496452226
2692.035	0.10795331101244214	0.062251595561210626	-0.058542628605403275
2692.06	0.10795331101244214	0.05236569357081979	-0.0528940654664571
2692.12	0.10807139411202236	0.028729096182372547	-0.03772141443014513
2692.144	0.10807139411202236	0.028729096182372547	-0.03772141443014513
2692.165	0.10818947721160262	0.014273667600685507	-0.026788580528539198
2692.187	0.10795331101244214	-0.0005312654053843983	-0.015506418352338373
2692.211	0.10795331101244214	-0.0005312654053843983	-0.015506418352338373
2692.238	0.10807139411202239	-0.014278738284935418	-0.003873740104963709
2692.263	0.10818947721160264	-0.02873416844335183	0.007053420865489179
2692.285	0.10807139411202236	-0.04037324822604034	0.018686516398298176
2692.311	0.10807139411202236	-0.04037324822604034	0.018686516398298176
2692.335	0.10795331101244214	-0.050605997410171084	0.03173276827143086
2692.356	0.10783522791286188	-0.06084405301621985	0.041256290827893304
2692.382	0.10783522791286188	-0.06790843837869726	0.04901892778584178
2692.399	0.10783522791286188	-0.06790843837869726	0.04901892778584178
2692.421	0.1079533110124421	-0.07391582191088975	0.056431469734053885
2692.442	0.1079533110124421	-0.07391582191088975	0.056431469734053885
2692.465	0.10807139411202236	-0.07709726981721489	0.059609200039218255
2692.489	0.10783522791286188	-0.07568319836378795	0.064553546102335
2692.512	0.10783522791286188	-0.07568319836378795	0.064553546102335
2692.535	0.10795331101244214	-0.07391582191088983	0.0649067727188564
2692.564	0.1079533110124421	-0.06826174381640812	0.06349391446614834
2692.589	0.10795331101244214	-0.060490916482043175	0.05996231779844661
2692.612	0.10795331101244214	-0.060490916482043175	0.05996231779844661
2692.637	0.10795331101244214	-0.04990013256911362	0.05431330172315335
2692.658	0.10818947721160264	-0.03860943846518874	0.04654869951685821
2692.678	0.10818947721160264	-0.03860943846518874	0.04654869951685821
2692.702	0.10830756031118288	-0.02767628703790798	0.037023203335380804
2692.769	0.10889797580908417	-0.0005312654053843983	0.013398526821166741
2692.791	0.10866180960992369	0.014978716756775737	0.0028235237587742024
2692.816	0.10866180960992369	0.014978716756775737	0.0028235237587742024
2692.841	0.10877989270950392	0.02802383851281239	-0.00880866043258404
2692.868	0.10877989270950392	0.041426519533999145	-0.01867926494923509
2692.895	0.10877989270950392	0.051306810639030365	-0.03137285207374182
2692.921	0.10877989270950392	0.06189842848281595	-0.04054347078076756
2692.948	0.10877989270950392	0.06189842848281595	-0.04054347078076756
2692.97	0.10866180960992369	0.0700233172888589	-0.04936458259684272
2692.997	0.10866180960992367	0.07497113521952303	-0.05571812458528269
2693.018	0.10866180960992369	0.07709218454476295	-0.05995505456299252
2693.039	0.10866180960992369	0.07709218454476295	-0.05995505456299252
2693.06	0.10854372651034344	0.07815283893974873	-0.06313345518492797
2693.085	0.10842564341076313	0.07567811364167631	-0.06278026861060436
2693.111	0.10842564341076313	0.07567811364167631	-0.06278026861060436
2693.132	0.10818947721160262	0.07143679903178594	-0.0613676002815169
2693.154	0.10807139411202236	0.06472398529722664	-0.05748338601731717
2693.185	0.1083075603111829	0.05342463527377256	-0.05324704930272119
2693.216	0.1083075603111829	0.05342463527377256	-0.05324704930272119
2693.243	0.10807139411202236	0.044249004723765265	-0.044777168187598096
2693.276	0.10818947721160262	0.031902937658725886	-0.035957783253629534
2693.301	0.10807139411202236	0.018151535173320278	-0.02502555436073042
2693.367	0.10818947721160262	-0.0125161455519031	-0.0035212508291989483
2693.387	0.10807139411202236	-0.02485541819187551	0.007405916943845037
2693.413	0.10807139411202236	-0.02485541819187551	0.007405916943845037
2693.456	0.10818947721160262	-0.05131188748787626	0.029616851288796858
2693.474	0.10818947721160262	-0.05131188748787626	0.029616851288796858
2693.496	0.10807139411202236	-0.060137787500464404	0.03843415500275024
2693.549	0.10783522791286188	-0.07426927851982097	0.05466631252883518
2693.567	0.10783522791286188	-0.07426927851982097	0.05466631252883518
2693.593	0.10795331101244214	-0.07745081170666927	0.05996231779844661
2693.617	0.10795331101244214	-0.07745081170666927	0.06278753310710342
2693.641	0.10795331101244214	-0.07745081170666927	0.06278753310710342
2693.739	0.10795331101244214	-0.06190350837963571	0.059256089721448794
2693.76	0.10807139411202236	-0.05307672541901	0.05254834843044998
2693.781	0.10795331101244214	-0.04213718366647771	0.045842972877467754
2693.805	0.10795331101244214	-0.04213718366647771	0.045842972877467754
2693.824	0.10795331101244214	-0.02873416844335191	0.03808141001899405
2693.848	0.10795331101244214	-0.02873416844335191	0.03808141001899405
2693.867	0.10830756031118288	-0.01639390860783277	0.026443221525938268
2693.966	0.10877989270950392	0.025908147750556575	-0.008103661483237962
2693.992	0.10866180960992369	0.038957116609810084	-0.01903181448483346
2694.014	0.10866180960992369	0.038957116609810084	-0.01903181448483346
2694.035	0.10877989270950392	0.049895056083253134	-0.029256958320884614
2694.066	0.10877989270950392	0.06048583702487547	-0.03913240362920886
2694.087	0.10877989270950392	0.06825666181413947	-0.04830585974222141
2694.112	0.10877989270950392	0.06825666181413947	-0.04830585974222141
2694.134	0.10866180960992369	0.07497113521952303	-0.05430604083410303
2694.158	0.10877989270950392	0.07744572629501512	-0.058895724022970206
2694.18	0.10877989270950392	0.07744572629501512	-0.058895724022970206
2694.203	0.10877989270950392	0.07744572629501512	-0.06101445246849666
2694.229	0.10842564341076316	0.07709218454476295	-0.06207391894155273
2694.249	0.10830756031118288	0.07320385261735357	-0.05960193695727311
2694.274	0.10830756031118288	0.07320385261735357	-0.05960193695727311
2694.297	0.10818947721160264	0.06649021967931683	-0.05571812458528286
2694.324	0.10818947721160262	0.05730794369569238	-0.05007042852633321
2694.348	0.10830756031118288	0.04566037819776756	-0.04407149823127042
2694.37	0.10830756031118288	0.04566037819776756	-0.04407149823127042
2694.432	0.10818947721160262	0.0206194075447745	-0.02537815319470267
2694.483	0.10807139411202236	-0.00863857070370654	-0.004578720144222066
2694.505	0.10807139411202236	-0.00863857070370654	-0.004578720144222066
2694.531	0.10807139411202236	-0.022739897599427173	0.007405916943845037
2694.573	0.10818947721160264	-0.03649302488719251	0.018333969137305308
2694.634	0.10795331101244214	-0.059078445426189	0.03949241883885769
2694.665	0.10807139411202236	-0.0686150577883389	0.04690157151485714
2694.687	0.1079533110124421	-0.07462274442467262	0.053607300392036275
2694.709	0.1079533110124421	-0.07462274442467262	0.053607300392036275
2694.802	0.10795331101244214	-0.07603670190141178	0.062081183117292556
2694.822	0.10795331101244214	-0.07179527495864932	0.06137486414016401
2694.844	0.10795331101244214	-0.07179527495864932	0.06137486414016401
2694.868	0.10795331101244214	-0.06472906610412106	0.05784372197516895
2694.885	0.10795331101244214	-0.056253854448710144	0.05148945544653292
2694.907	0.10795331101244214	-0.056253854448710144	0.05148945544653292
2694.937	0.10783522791286188	-0.04390125030300268	0.04619583331913547
2694.962	0.10807139411202236	-0.03261335116181483	0.037728669775899275
2694.986	0.10818947721160262	-0.020271918219033073	0.026795833315029067
2695.012	0.10818947721160262	-0.020271918219033073	0.026795833315029067
2695.032	0.10842564341076316	-0.006171094379371028	0.015513669408022282
2695.054	0.10854372651034341	0.009691005376442758	0.003880990343002824
2695.083	0.10866180960992369	0.024850346458107304	-0.007046170501780481
2695.106	0.10866180960992369	0.024850346458107304	-0.007046170501780481