time	1	2	3	4
524.835			108.25	
524.835			108.25	
524.835				536
524.835	473.25			
524.835		209		
524.866			108	
524.866				536.25
524.866	481.75			
524.866		212		
524.901			108	
524.901				536.25
524.901	481.75			
524.901		212		
524.933			108.5	
524.933				536.5
524.933	482.25			
524.933		216.5		
524.968			108.75	
524.968				536.75
524.968	480			
524.968		219.5		
525			109	
525			109.25	
525				537.5
525	475.75			
525		222.5		
525.033			110.25	
525.033				538.25
525.033	469.75			
525.033		226		
525.056			110.25	
525.056				538.25
525.056	469.75			
525.056		226		
525.084			111	
525.084			111	
525.084				539
525.084				539.25
525.084		229		
525.084	462.25			
525.114			111.75	
525.114				540
525.114				540
525.114		232		
525.114	453.75			
525.15			112.75	
525.15			112.5	
525.15				541.25
525.15				540.75
525.15		235.75		
525.15	444.25			
525.184			113	
525.184				542.25
525.184		238.5		
525.184	434.75			
525.214			113.75	
525.214				542.75
525.214		241.5		
525.214	425.25			
525.249			114.5	
525.249				543.25
525.249		244		
525.249	415.75			
525.272			115.25	
525.272			115	
525.272				544.5
525.272		246		
525.272	406.75			
525.3			115.5	
525.3				545.25
525.3		247.5		
525.3	398.75			
525.332			116.5	
525.332				545.25
525.332		248.5		
525.332	392.25			
525.366			117	
525.366				546
525.366		249.5		
525.366	387			
525.4			117.25	
525.4				546.25
525.4		249.5		
525.4	383.75			
525.436			117.5	
525.436				546.75
525.436		249.5		
525.436	381.75			
525.466			117.25	
525.466				546.75
525.466				546.5
525.466		248.75		
525.466	382.25			
525.5			117.75	
525.5				547
525.5		247.5		
525.5	384.25			
525.532			117.5	
525.532				547
525.532		245.75		
525.532	388.25			
525.555			117.5	
525.555				547
525.555		245.75		
525.555	388.25			
525.583			117.75	
525.583				546.75
525.583		243.75		
525.583	393.75			
525.618			117.5	
525.618				546.5
525.618		241		
525.618	401			
525.648			117.25	
525.648				546.25
525.648		239		
525.648	409.5			
525.674			116.5	
525.674				546.25
525.674		236		
525.674	418.25			
525.705			116.5	
525.705				545.5
525.705		233.25		
525.705	428			
525.74			116	
525.74				545.25
525.74		230.5		
525.74	438.25			
525.783			116	
525.783				544.5
525.783				544.75
525.783		228.25		
525.783	448			
525.806			115.5	
525.806				544.25
525.806		225.75		
525.806	457.75			
525.838			115.25	
525.838				544.25
525.838				544
525.838		223.75		
525.838	466.5			
525.868			114.75	
525.868				543.5
525.868				543.5
525.868	474			
525.868		221.75		
525.899			114.75	
525.899				543.5
525.899				543.5
525.899	474			
525.899		221.75		
525.931			114.25	
525.931				543
525.931	480.25			
525.931		220.5		
525.966			114	
525.966				542.5
525.966	486.75			
525.966		218.5		
526.003			113.5	
526.003				542.25
526.003	487.5			
526.003		218		
526.042			113.25	
526.042				542.25
526.042				542.25
526.042	486.25			
526.042		218.5		
526.072			113.5	
526.072			113.5	
526.072				542.25
526.072	482.75			
526.072		218.75		
526.101			113.5	
526.101				542.25
526.101	478			
526.101		219.75		
526.132			113.25	
526.132				542
526.132	471.5			
526.132		221.5		
526.159			113.25	
526.159				542
526.159	471.5			
526.159		221.5		
526.192			113.5	
526.192				541.75
526.192				541.5
526.192		223		
526.192	464			
526.22			113	
526.22				542.25
526.22		225		
526.22	455			
526.252			113.5	
526.252				542
526.252		227.25		
526.252	444.75			
526.283			113	
526.283				542.25
526.283		229.25		
526.283	434.75			
526.32			113	
526.32				542
526.32				541.75
526.32		232		
526.32	424.25			
526.354			113	
526.354			112.75	
526.354				541.25
526.354				541.5
526.354		234		
526.354	414.5			
526.382			112.5	
526.382				541.25
526.382		236.5		
526.382	405			
526.406			112.5	
526.406				540.75
526.406		238.5		
526.406	396.75			
526.434			112	
526.434				540.5
526.434		240.5		
526.434	389.5			
526.465			111.25	
526.465				539.5
526.465				539.75
526.465		241.5		
526.465	383.75			
526.493			111.25	
526.493				539.5
526.493				539.75
526.493		241.5		
526.493	383.75			
526.535			109.25	
526.535				538
526.535				537.75
526.535		243		
526.535	376.75			
526.561			109.25	
526.561				538
526.561				537.75
526.561		243		
526.561	376.75			
526.603			107.75	
526.603				536
526.603		242		
526.603	377			
526.632			106.75	
526.632				534.5
526.632				534.75
526.632		241		
526.632	379.5			
526.666			105.75	
526.666			105.75	
526.666				533.25
526.666		239.25		
526.666	383.75			
526.701			104.25	
526.701				532
526.701				532
526.701		236.75		
526.701	389.25			
526.722			104.25	
526.722				532
526.722				532
526.722		236.75		
526.722	389.25			
526.749			103	
526.749				530.75
526.749				531
526.749		234.25		
526.749	395.75			
526.779			101.75	
526.779			101.5	
526.779				529.25
526.779		230.75		
526.779	403.25			
526.812			100	
526.812			100.5	
526.812				527.5
526.812		227		
526.812	411.75			
526.849			98.75	
526.849				526
526.849		223.5		
526.849	420.25			
526.872			97.5	
526.872			97.75	
526.872				524.5
526.872		219		
526.872	428.5			
526.905			96	
526.905			96.25	
526.905				523.5
526.905		215		
526.905	436.5			
526.936			95	
526.936			95	
526.936				522
526.936		210.75		
526.936	443.5			
526.967			93.75	
526.967				520.75
526.967	449.75			
526.967		206.5		
527.003			93	
527.003				519.5
527.003	454.75			
527.003		202.75		
527.032			91.75	
527.032				518.75
527.032	458.25			
527.032		198.75		
527.066			91.25	
527.066			91	
527.066				518.25
527.066	459.75			
527.066		195.75		
527.099			91	
527.099			91	
527.099				517.5
527.099	459.5			
527.099		193		
527.119			91	
527.119			91	
527.119				517.5
527.119	459.5			
527.119		193		
527.149			91	
527.149				517.25
527.149	458			
527.149		190.5		
527.182			90	
527.182				516.5
527.182	455			
527.182		189.25		
527.216			89.75	
527.216			89.75	
527.216				516.5
527.216	450			
527.216		188.25		
527.249			89.75	
527.249				516.25
527.249				516.75
527.249	444			
527.249		188.25		
527.282			89.75	
527.282			89.75	
527.282				516.5
527.282		189		
527.282	436			
527.305			89.75	
527.305				516.25
527.305				516.5
527.305		190		
527.305	428			
527.334			90.25	
527.334				516.75
527.334		191.75		
527.334	419.25			
527.365			90.25	
527.365				517
527.365		194.5		
527.365	409.75			
527.392			90.25	
527.392				517
527.392		194.5		
527.392	409.75			
527.421			90.5	
527.421				517
527.421		197.5		
527.421	400.75			
527.458			90.25	
527.458				517.25
527.458				517
527.458		200.5		
527.458	391.25			
527.498			90.75	
527.498				517.5
527.498		204.25		
527.498	383.25			
527.524			90.75	
527.524				517.5
527.524		208.5		
527.524	375.75			
527.556			91	
527.556				517.5
527.556		212.75		
527.556	369.5			
527.598			90.75	
527.598				517.25
527.598		216.5		
527.598	365.25			
527.617			90.5	
527.617				517.25
527.617		220.25		
527.617	362			
527.651			90.25	
527.651				517
527.651				516.5
527.651		223		
527.651	360.25			
527.682			90.25	
527.682				516.75
527.682		226		
527.682	360.25			
527.706			90	
527.706				516.25
527.706				516.75
527.706		228.5		
527.706	362.25			
527.738			89.75	
527.738				516.25
527.738		230		
527.738	365.5			
527.776			89.25	
527.776				515.75
527.776		231		
527.776	370.75			
527.804			88.5	
527.804				515.5
527.804		231.25		
527.804	376.5			
527.848			88.75	
527.848				515
527.848		230.25		
527.848	383.75			
527.882			88	
527.882				514.5
527.882		229		
527.882	392.25			
527.906			87.75	
527.906				514
527.906		227		
527.906	401			
527.948			87.5	
527.948				513.75
527.948		224		
527.948	409.25			
527.982			87.25	
527.982				513.5
527.982		220.5		
527.982	418.5			
528.015			87	
528.015			87	
528.015				513.25
528.015				513.5
528.015		216.75		
528.015	427			
528.039			86.75	
528.039				513.5
528.039		212.25		
528.039	434.25			
528.088			87	
528.088			86.5	
528.088				513.25
528.088	441.25			
528.088		208.25		
528.12			87.25	
528.12				513.25
528.12	447			
528.12		203.25		
528.144			87.5	
528.144			87.25	
528.144				514.25
528.144	451.25			
528.144		199.25		
528.174			87.75	
528.174				514.25
528.174	453.5			
528.174		195		
528.217			88.75	
528.217			88.5	
528.217				515
528.217				514.75
528.217	455.25			
528.217		191.25		
528.249			89	
528.249				515.5
528.249				515.5
528.249	454.25			
528.249		188.25		
528.285			89.75	
528.285				516.5
528.285	452.5			
528.285		186		
528.315			90.25	
528.315				517.25
528.315	449			
528.315		184		
528.349			91	
528.349				518.25
528.349		183.75		
528.349	444.25			
528.384			92.25	
528.384			92.25	
528.384				519.5
528.384		184		
528.384	438.25			
528.406			93	
528.406				519.75
528.406		185		
528.406	431.25			
528.45			94	
528.45			94	
528.45				521
528.45		187.25		
528.45	424.25			
528.469			95	
528.469				521.75
528.469		190.25		
528.469	416			
528.499			95	
528.499				521.75
528.499		190.25		
528.499	416			
528.532			96.75	
528.532				524
528.532		198.75		
528.532	400.75			
528.565			97.5	
528.565				524.5
528.565		204.25		
528.565	393.5			
528.586			97.5	
528.586				524.5
528.586		204.25		
528.586	393.5			
528.616			98.25	
528.616			98.5	
528.616				525.5
528.616		209.75		
528.616	387.5			
528.65			98.75	
528.65				525.75
528.65		216		
528.65	382.25			
528.676			99	
528.676				526.5
528.676		221.75		
528.676	378.5			
528.708			99.5	
528.708				527
528.708				526.75
528.708		227.75		
528.708	376			
528.751			100.25	
528.751				527.25
528.751		233.25		
528.751	374.75			
528.781			100	
528.781				527.25
528.781		238.25		
528.781	375.25			
528.815			100	
528.815				527.25
528.815				527.5
528.815		242.25		
528.815	377			
528.836			100.5	
528.836				527.5
528.836		246		
528.836	380.75			
528.864			100.5	
528.864				527.5
528.864		246		
528.864	380.75			
528.896			100.75	
528.896			100.25	
528.896				528
528.896		250		
528.896	391			
528.924			100.75	
528.924			100.25	
528.924				528
528.924		250		
528.924	391			
528.957			100.75	
528.957				528
528.957		250.75		
528.957	397.75			
529.002			101	
529.002				528.25
529.002		248.5		
529.002	413.5			
529.034			101.25	
529.034				528.5
529.034		246		
529.034	422			
529.065			101	
529.065				528.5
529.065		242.75		
529.065	430.25			
529.098			101.5	
529.098				529
529.098		238.75		
529.098	438			
529.117			101.5	
529.117				529
529.117		238.75		
529.117	438			
529.149			102.25	
529.149				529
529.149		233.5		
529.149	445.75			
529.185			102.25	
529.185				529.75
529.185		228.25		
529.185	452			
529.215			102.5	
529.215				530.25
529.215				529.75
529.215		222.5		
529.215	457.75			
529.249			103	
529.249				530.5
529.249	462			
529.249		217		
529.273			103.25	
529.273				531.5
529.273	465			
529.273		211.5		
529.303			104	
529.303				532.25
529.303	466.25			
529.303		206.25		
529.333			104.75	
529.333				532.75
529.333	466.75			
529.333		202.25		
529.365			105.25	
529.365				533.25
529.365	465.25			
529.365		198		
529.412			106	
529.412				534
529.412	462.5			
529.412		195.5		
529.433			106.75	
529.433				535
529.433		193.25		
529.433	458.25			
529.459			106.75	
529.459				535
529.459		193.25		
529.459	458.25			
529.49			107.5	
529.49			107.5	
529.49				535.5
529.49		192.5		
529.49	453.25			
529.518			108.25	
529.518				536.25
529.518		192.5		
529.518	446.75			
529.548			108.75	
529.548				537.25
529.548				536.75
529.548		194.75		
529.548	440.25			
529.574			109.75	
529.574				538
529.574		197		
529.574	433.5			
529.604			110	
529.604				538.25
529.604		200.75		
529.604	426			
529.631			110.5	
529.631			110.75	
529.631				539.25
529.631		205.25		
529.631	419			
529.665			111	
529.665				539.25
529.665				539.5
529.665		210.75		
529.665	412			
529.704			111.25	
529.704				539.5
529.704		216.75		
529.704	406.25			
529.747			111.25	
529.747			111.5	
529.747				540
529.747		223.25		
529.747	401			
529.783			111	
529.783				539.5
529.783				539.75
529.783		230		
529.783	396.75			
529.818			110.75	
529.818				539.25
529.818		236.5		
529.818	393.5			
529.852			110.5	
529.852				538.75
529.852		243		
529.852	391.75			
529.88			110.5	
529.88				538.25
529.88				538.5
529.88		249		
529.88	390.75			
529.918			109.75	
529.918				538
529.918				537.5
529.918		254.25		
529.918	391.75			
529.95			108.75	
529.95				537
529.95		258.25		
529.95	394			
529.981			108.5	
529.981				536.5
529.981				536.75
529.981		261.5		
529.981	397			
530.015			108	
530.015				536.25
530.015		263.5		
530.015	400.75			
530.015	401			
530.048			107.75	
530.048				535.5
530.048		263.5		
530.048	406.25			
530.081			107.5	
530.081				535.25
530.081		263.25		
530.081	411.5			
530.114			107	
530.114				535
530.114				534.75
530.114		261.5		
530.114	417.75			
530.139			106.75	
530.139				535
530.139		258		
530.139	424.5			
530.172			107	
530.172				534.75
530.172		253.25		
530.172	431.25			
530.206			106.75	
530.206			106.5	
530.206				534.5
530.206		248.25		
530.206	437.5			
530.237			107	
530.237				534.75
530.237				534.75
530.237		241.75		
530.237	443.25			
530.267			107.25	
530.267				535.25
530.267		235.25		
530.267	449			
530.3			107.5	
530.3				535.25
530.3				535.5
530.3		228		
530.3	453.5			
530.342			108	
530.342				536
530.342		221		
530.342	457			
530.366			108.5	
530.366				536.5
530.366		214		
530.366	459.75			
530.393			108.5	
530.393				536.5
530.393		214		
530.393	459.75			
530.422			109.25	
530.422				537.25
530.422		207.5		
530.422	461.75			
530.451			109.5	
530.451				538.25
530.451		201.75		
530.451	461.75			
530.482			110.5	
530.482				538.75
530.482				538.5
530.482		196.5		
530.482	461.25			
530.482		196.75		
530.514			111	
530.514				539.25
530.514		193		
530.514	459.75			
530.548			111.75	
530.548				540.25
530.548		190.25		
530.548	456.75			
530.584			112.25	
530.584				540.75
530.584		189		
530.584	453			
530.606			112.5	
530.606				541
530.606		189.25		
530.606	448.75			
530.634			112.5	
530.634				541.25
530.634		191		
530.634	444			
530.664			112.75	
530.664				541.5
530.664				541.25
530.664		193.75		
530.664	438.5			
530.699			112.75	
530.699				541
530.699		198		
530.699	433.25			
530.725			112.75	
530.725				541
530.725		198		
530.725	433.25			
530.758			112.5	
530.758				540.75
530.758		203		
530.758	427.5			
530.789			112	
530.789				540.75
530.789		209.5		
530.789	422.25			
530.819			111.5	
530.819				540.25
530.819				540
530.819		216.5		
530.819	417			
530.85			110.75	
530.85				539.25
530.85		223.75		
530.85	412			
530.85	412.25			
530.885			110	
530.885				538.5
530.885		231.75		
530.885	408.25			
530.918			109.5	
530.918				537
530.918		239		
530.918	404.5			
530.951			108	
530.951				536.25
530.951				536.5
530.951		246.25		
530.951	402			
530.985			107.25	
530.985				535.75
530.985				535.75
530.985		252.25		
530.985	400.5			
531.012			107	
531.012				534.75
531.012		257.5		
531.012	399.5			
531.042			106	
531.042				534.25
531.042		261.5		
531.042	399.5			
531.08			105	
531.08				533
531.08				533
531.08		265		
531.08	400.5			
531.102			104.75	
531.102				532.25
531.102		266		
531.102	402			
531.102	402			
531.131			104.75	
531.131				532.25
531.131		266		
531.131	402			
531.131	402			
531.162			104	
531.162				531.75
531.162		266		
531.162	404.25			
531.191			103.5	
531.191				531
531.191		264		
531.191	407.25			
531.219			102.75	
531.219				530
531.219		260.75		
531.219	411			
531.25			102.5	
531.25				530
531.25		256.75		
531.25	414.75			
531.292			101.75	
531.292				529.5
531.292		250.75		
531.292	419			
531.317			101.5	
531.317				529
531.317				529
531.317		244		
531.317	423.25			
531.353			101.25	
531.353				528.5
531.353				529
531.353		236.75		
531.353	427.25			
531.402			100.75	
531.402				528.25
531.402		219.5		
531.402	434.75			
531.432			100.5	
531.432				528
531.432		211		
531.432	437.5			
531.464			100.5	
531.464				527.5
531.464				527.5
531.464		203		
531.464	440.25			
531.488			100.5	
531.488				527.5
531.488				527.5
531.488		203		
531.488	440.25			
531.531			100	
531.531				527.75
531.531		195		
531.531	442			
531.554			100.5	
531.554			100.25	
531.554				527.5
531.554		188.25		
531.554	442.75			
531.597			100.25	
531.597				527.5
531.597		178		
531.597	442.25			
531.635			100	
531.635				527.5
531.635		174.5		
531.635	440.5			
531.668			99.75	
531.668			99.75	
531.668				527.5
531.668		173.25		
531.668	438.5			
531.695			99.75	
531.695			99.75	
531.695				527.5
531.695		173.25		
531.695	438.5			
531.73			99.75	
531.73				527
531.73		172.75		
531.73	435.75			
531.755			99.75	
531.755				527.25
531.755		174.25		
531.755	432.25			
531.784			99.25	
531.784				526.75
531.784		177		
531.784	428.25			
531.814			99	
531.814				526.25
531.814		181.75		
531.814	424.25			
531.844			98.75	
531.844			99	
531.844				526.25
531.844				525.5
531.844		187.5		
531.844	419.5			
531.882			98.5	
531.882				525.5
531.882		194		
531.882	415.5			
531.915			97.75	
531.915				525.25
531.915		201.5		
531.915	411.25			
531.959			97.5	
531.959				524.25
531.959		209.25		
531.959	407.25			
532.008			96	
532.008				523.5
532.008		226		
532.008	399.75			
532.036			95.75	
532.036				522.5
532.036		233.5		
532.036	396.75			
532.036	396.5			
532.066			95	
532.066				522.5
532.066		240.5		
532.066	394.75			
532.097			94.75	
532.097				521.5
532.097		246.5		
532.097	393			
532.13			94.75	
532.13				521.5
532.13		246.5		
532.13	393			
532.164			94	
532.164				520.5
532.164		255		
532.164	392			
532.195			94	
532.195				520.5
532.195		255		
532.195	392			
532.227			93.75	
532.227				520.5
532.227		257.25		
532.227	392.75			
532.253			93.75	
532.253				520.5
532.253		257.25		
532.253	394			
532.289			94	
532.289				520.5
532.289		256.25		
532.289	395.75			
532.318			94.25	
532.318				521.25
532.318		253.75		
532.318	398.25			
532.347			94.5	
532.347				521.5
532.347		249.75		
532.347	401.25			
532.38			94.75	
532.38				521.75
532.38		244.75		
532.38	405			
532.414			95.5	
532.414				522.5
532.414		238.75		
532.414	408.75			
532.447			96.25	
532.447				523.25
532.447		231		
532.447	412.75			
532.479			96.75	
532.479				523.75
532.479		223.25		
532.479	416.75			
532.507			97.25	
532.507				524.25
532.507		215.5		
532.507	421			
532.537			98	
532.537				525.5
532.537		207.75		
532.537	425			
532.564			99	
532.564				526.25
532.564		200		
532.564	428.75			
532.595			99	
532.595				526.25
532.595		200		
532.595	428.75			
532.631			99.5	
532.631				527
532.631		192.75		
532.631	432			
532.663			101	
532.663				528.5
532.663		181.75		
532.663	437.5			
532.697			101.5	
532.697				529.25
532.697				528.75
532.697		178.25		
532.697	439.5			
532.722			101.5	
532.722				529.25
532.722				528.75
532.722		178.25		
532.722	439.5			
532.75			101.75	
532.75				529.25
532.75				529.5
532.75		175.75		
532.75	440.5			
532.787			102.5	
532.787				530
532.787		175		
532.787	441.25			
532.815			102.75	
532.815				530.25
532.815		176		
532.815	441.25			
532.859			102.75	
532.859				530.5
532.859		178.75		
532.859	440.5			
532.886			102.25	
532.886				530.5
532.886		182.5		
532.886	439			
532.916			102.5	
532.916				530
532.916		187.75		
532.916	437.25			
532.942			102.5	
532.942				530
532.942		194.25		
532.942	434.75			
532.97			102	
532.97			101.75	
532.97				529.5
532.97		201.5		
532.97	431.75			
533.002			101.25	
533.002				529
533.002				529
533.002		209.5		
533.002	428.5			
533.029			101.25	
533.029				529
533.029				529
533.029		209.5		
533.029	428.5			
533.065			100.75	
533.065			100.5	
533.065				528
533.065		226.5		
533.065	421.5			
533.093			100.75	
533.093			100.5	
533.093				528
533.093		226.5		
533.093	421.5			
533.13			100.25	
533.13				527.5
533.13		234.25		
533.13	417.75			
533.163			99.5	
533.163			99.5	
533.163				526.75
533.163		248.75		
533.163	410.25			
533.185			99.5	
533.185			99.5	
533.185				526.75
533.185		248.75		
533.185	410.25			
533.214			99.25	
533.214				526.5
533.214		254.5		
533.214	407.25			
533.246			99	
533.246				526.5
533.246		259		
533.246	404			
533.272			99	
533.272				526.5
533.272				526.5
533.272		262		
533.272	401.75			
533.313			99.25	
533.313				526.5
533.313		263		
533.313	400			
533.336			99.5	
533.336			99.25	
533.336				526.5
533.336		262.5		
533.336	398.75			
533.38			99.75	
533.38			99.75	
533.38				527
533.38		260.75		
533.38	398.5			
533.404			100	
533.404				527.5
533.404		257.5		
533.404	398.75			
533.431			100	
533.431				527.5
533.431		257.5		
533.431	398.75			
533.458			100.75	
533.458				527.75
533.458		253		
533.458	399.75			
533.488			101	
533.488			100.75	
533.488				528.25
533.488		247		
533.488	400.75			
533.488	400.75			
533.518			101.25	
533.518				529
533.518				529
533.518		240.75		
533.518	403.25			
533.546			101.75	
533.546				529
533.546				529.25
533.546		232.75		
533.546	406.25			
533.571			102	
533.571				529.75
533.571		225		
533.571	409.5			
533.61			102.75	
533.61				530.25
533.61		217		
533.61	413.5			
533.649			103	
533.649				530.5
533.649				530.25
533.649		209.5		
533.649	417.5			
533.68			103	
533.68				531
533.68		202.25		
533.68	421.75			
533.714			103.5	
533.714			103	
533.714				530.75
533.714		194.75		
533.714	426.25			
533.732			103.5	
533.732			103	
533.732				530.75
533.732		194.75		
533.732	426.25			
533.764			103	
533.764				530.5
533.764		184.25		
533.764	434			
533.796			102.75	
533.796				530.5
533.796				530.25
533.796		181		
533.796	437.75			
533.831			102.75	
533.831				530.5
533.831				530.25
533.831		181		
533.831	437.75			
533.862			102.5	
533.862				530
533.862		178.75		
533.862	440.5			
533.887			101.75	
533.887			101.75	
533.887				529.5
533.887		178		
533.887	443			
533.931			100.75	
533.931				528.75
533.931		179		
533.931	444.5			
533.956			100.5	
533.956				528
533.956		181		
533.956	445.25			
533.996			99	
533.996				526.5
533.996		189.25		
533.996	444			
534.034			99	
534.034				526.5
534.034		189.25		
534.034	444			
534.054			98.75	
534.054				525.5
534.054				525.5
534.054		195.25		
534.054	442.25			
534.082			97.75	
534.082			97.75	
534.082				525
534.082		201.75		
534.082	439.5			
534.114			97.25	
534.114			97.25	
534.114				524.5
534.114		208.5		
534.114	435.75			
534.147			96.25	
534.147				523.75
534.147		215.75		
534.147	431.75			
534.181			96.25	
534.181				523
534.181		222.5		
534.181	427.25			
534.213			95.75	
534.213			95.75	
534.213				522.75
534.213		229.75		
534.213	422			
534.248			95.5	
534.248				522.5
534.248		236		
534.248	416.5			
534.268			95	
534.268			95.25	
534.268				522.5
534.268		241.75		
534.268	411.5			
534.299			95.25	
534.299				522.5
534.299		246		
534.299	406.25			
534.33			95.25	
534.33				522.5
534.33		246		
534.33	406.25			
534.363			95	
534.363				522.25
534.363		249.5		
534.363	401			
534.389			95	
534.389				522.25
534.389		252		
534.389	396.75			
534.43			95	
534.43				522.25
534.43		253		
534.43	392.5			
534.452			95.5	
534.452			95.5	
534.452				522.5
534.452		252.5		
534.452	389.5			
534.48			95.5	
534.48				522.75
534.48		251.25		
534.48	387.25			
534.516			96	
534.516				523.25
534.516		248		
534.516	385.5			
534.547			96.5	
534.547				523.25
534.547		244		
534.547	385.25			
534.578			96.75	
534.578				524
534.578		239		
534.578	386.25			
534.606			97	
534.606				524.25
534.606		233.5		
534.606	388.25			
534.638			97.25	
534.638				524.5
534.638		227.25		
534.638	390.75			
534.67			97.75	
534.67				525
534.67		220.25		
534.67	394.5			
534.7			97.75	
534.7				525.5
534.7		213.5		
534.7	398.75			
534.73			97.75	
534.73				525.5
534.73		213.5		
534.73	398.75			
534.763			98.5	
534.763				525.5
534.763		206.75		
534.763	403.5			
534.799			98.75	
534.799				526
534.799		194.5		
534.799	415			
534.83			98.75	
534.83				526
534.83		194.5		
534.83	415			
534.852			98.75	
534.852			98.5	
534.852				526
534.852		189.5		
534.852	421.25			
534.884			98.75	
534.884				526.25
534.884		185.75		
534.884	426.75			
534.916			98.75	
534.916				526
534.916		182.5		
534.916	432.75			
534.945			98.75	
534.945				525.75
534.945		181		
534.945	437.75			
534.972			98.5	
534.972				525.5
534.972		180.5		
534.972	442.25			
535.004			98.25	
535.004				525.5
535.004		181.5		
535.004	445.5			
535.035			97.75	
535.035			97.75	
535.035				525.25
535.035		183.5		
535.035	448.5			
535.065			97.75	
535.065			97.75	
535.065				525.25
535.065		183.5		
535.065	448.5			
535.097			97.5	
535.097				524.5
535.097		191		
535.097	450.5			
535.126			97.5	
535.126				524.5
535.126		191		
535.126	450.5			
535.166			97.5	
535.166				524.5
535.166		201.75		
535.166	447.75			
535.191			97.5	
535.191				524.5
535.191		201.75		
535.191	447.75			
535.221			97.5	
535.221				524.5
535.221		208.25		
535.221	444.75			
535.253			97.5	
535.253			98	
535.253				524.25
535.253		214.5		
535.253	441.25			
535.279			97.5	
535.279				524.5
535.279		221.25		
535.279	436.25			
535.309			97.75	
535.309				525
535.309		227.5		
535.309	430.75			
535.338			98.25	
535.338				525.25
535.338		233.25		
535.338	425.25			
535.372			98.5	
535.372				525.5
535.372		239.25		
535.372	418.75			
535.417			99	
535.417				526.5
535.417		243.5		
535.417	413			
535.449			99.75	
535.449				527
535.449		247.5		
535.449	407			
535.482			100.25	
535.482			100	
535.482				527.5
535.482		250.5		
535.482	401.75			
535.502			100.75	
535.502				528.5
535.502				528.25
535.502		252		
535.502	396.75			
535.529			100.75	
535.529				528.5
535.529				528.25
535.529		252		
535.529	396.75			
535.559			101.75	
535.559				529
535.559		252.75		
535.559	392.75			
535.598			103	
535.598				530.25
535.598		251		
535.598	387.75			
535.619			103	
535.619				530.25
535.619		251		
535.619	387.75			
535.647			103.5	
535.647				531.25
535.647				531
535.647		248.25		
535.647	386.75			
535.699			104	
535.699				532.25
535.699		240.75		
535.699	389.25			
535.732			104	
535.732				532.25
535.732		240.75		
535.732	389.25			
535.755			104.5	
535.755				532.75
535.755				532.5
535.755		236.5		
535.755	392			
535.787			105	
535.787				532.75
535.787				532.5
535.787		231		
535.787	395.5			
535.833			105.25	
535.833				533
535.833				533
535.833		225.5		
535.833	400.75			
535.852			105.25	
535.852				533
535.852				533.25
535.852		220.25		
535.852	406.25			
535.852	406.25			
535.879			105.25	
535.879				533
535.879		214.75		
535.879	412.75			
535.913			105.25	
535.913				533
535.913				533.25
535.913		209.75		
535.913	419.75			
535.951			105	
535.951			105.25	
535.951				533
535.951				533
535.951		205.25		
535.951	426.5			
535.98			105	
535.98				533
535.98		201.25		
535.98	433.5			
536.013			105	
536.013				532.5
536.013		198		
536.013	440.25			
536.048			104.75	
536.048				532.25
536.048				532.75
536.048		195.75		
536.048	446			
536.081			104.5	
536.081				532
536.081		194.25		
536.081	451.25			
536.113			104.25	
536.113				531.75
536.113		194		
536.113	455.5			
536.148			103.75	
536.148				531
536.148	458.5			
536.148		194.75		
536.169			103.5	
536.169				531
536.169	460.5			
536.169		196		
536.212			102.75	
536.212				530.5
536.212	461.25			
536.212		198.25		
536.234			102.5	
536.234				530.25
536.234				530.25
536.234	460.5			
536.234		201.5		
536.261			102.5	
536.261				530.25
536.261				530.25
536.261	460.5			
536.261		201.5		
536.294			102.5	
536.294				530
536.294	458.75			
536.294		205.75		
536.326			102.25	
536.326			102.25	
536.326				529.5
536.326		209.75		
536.326	455.75			
536.367			101.5	
536.367				529
536.367				529
536.367		219.5		
536.367	445.25			
536.387			101.5	
536.387				529
536.387				529
536.387		219.5		
536.387	445.25			
536.418			101	
536.418				528.5
536.418		224.5		
536.418	439.25			
536.448			101.5	
536.448				528.25
536.448		229.5		
536.448	432.25			
536.476			101	
536.476				528
536.476		233.75		
536.476	425			
536.507			100.75	
536.507				528
536.507				528.5
536.507		237.5		
536.507	417.5			
536.548			101	
536.548			101	
536.548				528
536.548		241		
536.548	410.25			
536.578			100.75	
536.578				528.25
536.578		243.25		
536.578	402.75			
536.6			100.75	
536.6			100.75	
536.6				528.5
536.6		245.25		
536.6	396.5			
536.631			100.75	
536.631			100.75	
536.631				528.5
536.631		245.25		
536.631	396.5			
536.663			101	
536.663			100.75	
536.663				528.25
536.663		246		
536.663	391			
536.687			101	
536.687				528.5
536.687		246		
536.687	386			
536.719			101	
536.719				528.25
536.719				528.25
536.719		245.25		
536.719	382.75			
536.767			101	
536.767				528.5
536.767		240.5		
536.767	379.5			
536.789			101	
536.789				528.5
536.789		240.5		
536.789	379.5			
536.829			100.75	
536.829				528.5
536.829		237.25		
536.829	380			
536.863			100.75	
536.863				528
536.863		233.5		
536.863	382			
536.885			100.75	
536.885				528
536.885		229		
536.885	385			
536.916			100	
536.916				527.75
536.916		224.25		
536.916	389.5			
536.945			100	
536.945				527.25
536.945		219.25		
536.945	394.75			
536.973			99.5	
536.973				527
536.973		214.5		
536.973	401.25			
537.004			99	
537.004				526.5
537.004		209.75		
537.004	408			
537.032			99	
537.032				526
537.032		205.25		
537.032	415			
537.063			99	
537.063				526
537.063		205.25		
537.063	415			
537.101			98	
537.101			98	
537.101				525.25
537.101		197.5		
537.101	429.75			
537.129			98	
537.129			98	
537.129				525.25
537.129		197.5		
537.129	429.75			
537.17			97	
537.17				524.25
537.17		193		
537.17	442.25			
537.199			96.75	
537.199				523.75
537.199		191.25		
537.199	447.5			
537.228			96.75	
537.228				523.75
537.228		191.25		
537.228	447.5			
537.254			96.25	
537.254				523.5
537.254	451.5			
537.254		190.5		
537.296			95.75	
537.296				522.75
537.296	456			
537.296		192.25		
537.318			95.75	
537.318				522.75
537.318	456			
537.318		192.25		
537.345			95.5	
537.345				522.5
537.345	455.75			
537.345		194.25		
537.372			95.5	
537.372				522.5
537.372	454.5			
537.372		196.75		
537.405			95.25	
537.405			95.25	
537.405				522.5
537.405	452			
537.405		199.75		
537.448			95.25	
537.448				522.5
537.448	448			
537.448		203.75		
537.479			95.75	
537.479				522.5
537.479		207.5		
537.479	443			
537.501			95.5	
537.501				523.25
537.501		212		
537.501	437.25			
537.529			95.5	
537.529				523.25
537.529		212		
537.529	437.25			
537.557			96	
537.557			96	
537.557				523.25
537.557		216		
537.557	430.75			
537.587			96.5	
537.587				523.75
537.587		220.75		
537.587	423			
537.614			97	
537.614				524
537.614		225		
537.614	415.75			
537.645			97.5	
537.645			97.25	
537.645				524.75
537.645		228.75		
537.645	408.25			
537.676			98	
537.676				525
537.676		232		
537.676	400.75			
537.714			98.75	
537.714				525.75
537.714		235		
537.714	394.5			
537.747			99	
537.747				526.25
537.747		237.75		
537.747	389			
537.778			99.5	
537.778				526.75
537.778		239.25		
537.778	384			
537.812			100	
537.812			99.75	
537.812				527.25
537.812		240.25		
537.812	380.75			
537.845			100.25	
537.845			100.5	
537.845				528
537.845				527.75
537.845		240.5		
537.845	378.5			
537.869			101	
537.869				528.5
537.869		240		
537.869	377.5			
537.913			101	
537.913				528.5
537.913		239		
537.913	378.25			
537.935			101.5	
537.935				529
537.935		237		
537.935	380.5			
537.963			101.75	
537.963				529
537.963		234.75		
537.963	383.75			
537.997			101.75	
537.997				529.5
537.997		231.75		
537.997	388.5			
538.029			101.75	
538.029				529.5
538.029		231.75		
538.029	388.5			
538.062			101.5	
538.062				529.5
538.062		228.5		
538.062	394.75			
538.09			101.5	
538.09				529
538.09				528.75
538.09		225		
538.09	401.25			
538.12			101.25	
538.12				528.5
538.12		221.25		
538.12	408.75			
538.15			100.75	
538.15				528.5
538.15				528.25
538.15		217.5		
538.15	416.75			
538.178			100.5	
538.178				527.75
538.178		214		
538.178	424.75			
538.207			100.5	
538.207				527.5
538.207		210.75		
538.207	432.25			
538.247			99.75	
538.247				527.25
538.247		207.25		
538.247	439.75			
538.27			99.75	
538.27				527
538.27		204.75		
538.27	446.25			
538.304			99.5	
538.304				526.5
538.304		202		
538.304	452			
538.345			99.25	
538.345				526.5
538.345	456.5			
538.345		200.25		
538.379			99.25	
538.379			99.25	
538.379				526.25
538.379	460			
538.379		199.25		
538.412			99.25	
538.412				526.5
538.412	461.5			
538.412		198.25		
538.445			99.25	
538.445				526.5
538.445	462			
538.445		198.5		
538.478			99.5	
538.478				526.75
538.478				526.75
538.478	461			
538.478		199.25		
538.5			99.75	
538.5				527.25
538.5				526.75
538.5	458.5			
538.5		200.5		
538.532			100.5	
538.532				527.5
538.532	454.5			
538.532		202.75		
538.559			100.5	
538.559				527.5
538.559	454.5			
538.559		202.75		
538.602			101	
538.602				528.5
538.602				528.75
538.602		208		
538.602	443.25			
538.639			101.5	
538.639				529
538.639				529
538.639		211.25		
538.639	436.75			
538.668			102	
538.668				529.5
538.668		215		
538.668	429			
538.696			102.5	
538.696				530
538.696		219		
538.696	421.75			
538.729			102.5	
538.729				530
538.729		219		
538.729	421.75			
538.762			102.75	
538.762				530.5
538.762				530.5
538.762		222.75		
538.762	414.25			
538.795			103	
538.795				530.75
538.795		226.5		
538.795	406.75			
538.829			103.25	
538.829				531
538.829		230.5		
538.829	399.5			
538.861			103	
538.861				531.25
538.861		233.5		
538.861	393.5			
538.884			103.5	
538.884				531.25
538.884		236.75		
538.884	388.75			
538.929			103.5	
538.929				531
538.929		239		
538.929	385			
538.964			103.5	
538.964				531.25
538.964				530.75
538.964		241		
538.964	382.25			
538.985			103	
538.985				530.75
538.985		242.25		
538.985	381.5			
539.017			103	
539.017				530.5
539.017				530.5
539.017		242.75		
539.017	381.5			
539.047			102.5	
539.047				530.25
539.047		242.5		
539.047	383			
539.079			102	
539.079				529.5
539.079		242		
539.079	386			
539.108			101	
539.108				529
539.108		240		
539.108	390.25			
539.137			100.75	
539.137				528
539.137				528
539.137		237.5		
539.137	395.25			
539.17			100.25	
539.17				527.5
539.17		234.75		
539.17	401.25			
539.213			99.75	
539.213				527
539.213		231.25		
539.213	407.75			
539.234			99	
539.234				526.25
539.234		227.25		
539.234	414.75			
539.266			98.5	
539.266				525.5
539.266		223		
539.266	421.5			
539.296			98.5	
539.296				525.5
539.296		223		
539.296	421.5			
539.329			97.75	
539.329				525
539.329		218.25		
539.329	428.75			
539.352			97.5	
539.352				524.5
539.352		214		
539.352	435.25			
539.383			97	
539.383				524
539.383		209.75		
539.383	441.25			
539.411			96.75	
539.411				524
539.411		205		
539.411	446.25			
539.443			96.5	
539.443				523.5
539.443	450.25			
539.443		201.25		
539.468			96.75	
539.468				523.5
539.468	453.25			
539.468		197.75		
539.511			96.25	
539.511				523.25
539.511	454.75			
539.511		195.25		
539.545			96.75	
539.545			96	
539.545				523.5
539.545	455.25			
539.545		193		
539.566			96.5	
539.566				523.75
539.566	453.75			
539.566		191.75		
539.595			96.5	
539.595				523.75
539.595	453.75			
539.595		191.75		
539.629			97.25	
539.629				524.5
539.629	451.75			
539.629		191		
539.662			97.25	
539.662				524.5
539.662		191.25		
539.662	448			
539.695			97.5	
539.695				524.5
539.695				524.5
539.695		192.25		
539.695	443.5			
539.717			98	
539.717				525.5
539.717		194.25		
539.717	437.75			
539.744			98.25	
539.744				525.5
539.744		197.25		
539.744	431.75			
539.772			98.75	
539.772				525.5
539.772		200.75		
539.772	425.25			
539.802			99	
539.802			99	
539.802				526.25
539.802				526.25
539.802		204.75		
539.802	418.25			
539.842			99	
539.842				526.5
539.842		209.5		
539.842	411.25			
539.877			99.5	
539.877				527.25
539.877		214.25		
539.877	404.75			
539.9			99.75	
539.9				527
539.9		219		
539.9	398.5			
539.929			99.75	
539.929				527
539.929		219		
539.929	398.5			
539.958			100	
539.958				527.5
539.958				527.5
539.958		224		
539.958	393.25			
539.994			100.25	
539.994			100.5	
539.994				527.5
539.994		228.5		
539.994	388.25			
540.028			100.5	
540.028				528
540.028		233		
540.028	385			
540.049			100.5	
540.049				528
540.049		237.25		
540.049	382.75			
540.094			100.25	
540.094				528
540.094				527.75
540.094		240.25		
540.094	381.75			
540.127			100.5	
540.127				528
540.127		243		
540.127	382.25			
540.162			100.5	
540.162				528
540.162		244.75		
540.162	383.75			
540.186			100.5	
540.186				528
540.186		245.5		
540.186	386			
540.216			100.75	
540.216				528
540.216		245.5		
540.216	390.5			
540.245			100.5	
540.245			100.25	
540.245				528
540.245		245		
540.245	395			
540.274			100.75	
540.274				528
540.274		243		
540.274	401.25			
540.303			100.75	
540.303				528
540.303		240		
540.303	407.5			
540.33			100.75	
540.33				528
540.33		240		
540.33	407.5			
540.372			100.75	
540.372				528
540.372				527.75
540.372		237		
540.372	414.5			
540.402			101	
540.402				528.25
540.402		229		
540.402	428.5			
540.443			100.75	
540.443				528.25
540.443		224		
540.443	435			
540.473			101.25	
540.473			101	
540.473				528.5
540.473		219.25		
540.473	441.25			
540.502			101.25	
540.502				528.75
540.502		214.5		
540.502	447			
540.537			101.5	
540.537			101.75	
540.537				529
540.537		209.75		
540.537	451.5			
540.562			101.5	
540.562			101.75	
540.562				529
540.562		209.75		
540.562	451.5			
540.589			101.75	
540.589				529.25
540.589				529.5
540.589		205.5		
540.589	455			
540.63			102	
540.63			102	
540.63				529.5
540.63	457.5			
540.63		202		
540.661			102.25	
540.661				530
540.661	458.75			
540.661		198.5		
540.697			102.5	
540.697				530.25
540.697	458.5			
540.697		196		
540.729			102.75	
540.729				530.5
540.729	457.5			
540.729		194.75		
540.761			102.75	
540.761				530.25
540.761		194		
540.761	454.75			
540.783			103	
540.783				530.5
540.783		194.5		
540.783	451			
540.814			103	
540.814				530.5
540.814		196		
540.814	446.5			
540.845			103.25	
540.845				530.75
540.845		198		
540.845	441.5			
540.874			103	
540.874				530.5
540.874		201.25		
540.874	435.25			
540.913			103	
540.913				530.5
540.913		204.75		
540.913	428.5			
540.944			103	
540.944			102.75	
540.944				530.5
540.944		209		
540.944	421.75			
540.978			102.75	
540.978				530.25
540.978		213.5		
540.978	415.25			
541.012			102.5	
541.012				530
541.012		218.75		
541.012	408.75			
541.045			102.25	
541.045				529.5
541.045		223.75		
541.045	402.75			
541.045	402.5			
541.067			101	
541.067				529
541.067		228.5		
541.067	397.25			
541.093			101	
541.093				529
541.093		228.5		
541.093	397.25			
541.12			101	
541.12			101	
541.12				528.25
541.12		233		
541.12	393.25			
541.153			100.5	
541.153				527.75
541.153		237.25		
541.153	389			
541.2			99.25	
541.2				526.5
541.2		243.5		
541.2	385.25			
541.2	384.75			
541.248			98.75	
541.248				525.5
541.248		245.5		
541.248	384.75			
541.278			98	
541.278				525.5
541.278		246.25		
541.278	385.25			
541.311			97	
541.311				524.5
541.311		246		
541.311	387.25			
541.346			97	
541.346				524
541.346		245		
541.346	389.75			
541.377			96.75	
541.377				523.5
541.377		243		
541.377	393.75			
541.404			96	
541.404				523
541.404		239.75		
541.404	398.25			
541.434			95.75	
541.434				522.5
541.434		235.75		
541.434	403			
541.468			95.25	
541.468				522.25
541.468		231		
541.468	408.75			
541.501			94.75	
541.501			94.75	
541.501				522
541.501		225.75		
541.501	414.25			
541.538			94.75	
541.538				521.5
541.538		220		
541.538	420			
541.578			94.5	
541.578				521.5
541.578		214		
541.578	425.75			
541.607			94.25	
541.607				521.5
541.607		208.5		
541.607	430.5			
541.645			94.5	
541.645				521.5
541.645		202.5		
541.645	435			
541.678			94.5	
541.678				521.25
541.678		197.25		
541.678	439			
541.71			94.75	
541.71			94.75	
541.71				521.5
541.71		192.25		
541.71	441.75			
541.734			94.75	
541.734			94.75	
541.734				521.75
541.734		188		
541.734	443.75			
541.769			94.75	
541.769				522
541.769		185.25		
541.769	444.75			
541.813			95.25	
541.813				522.25
541.813		182.75		
541.813	444.75			
541.847			95.75	
541.847				522.5
541.847		181.75		
541.847	443.75			
541.88			95.5	
541.88				523
541.88				523
541.88		181.75		
541.88	442			
541.915			96	
541.915			96	
541.915				523
541.915		182.75		
541.915	438.75			
541.948			96	
541.948				523.5
541.948		185.25		
541.948	435			
541.979			96	
541.979				523.5
541.979		188.5		
541.979	430.75			
542.014			96.75	
542.014				524
542.014		193		
542.014	426			
542.049			97	
542.049				524.25
542.049		197.5		
542.049	420.5			
542.081			97	
542.081				524.5
542.081		203.5		
542.081	415.5			
542.125			97.5	
542.125				524.5
542.125		209.5		
542.125	410.25			
542.167			97.75	
542.167				525
542.167		222.25		
542.167	400.75			
542.198			98	
542.198				525.5
542.198		228.25		
542.198	396.5			
542.229			98	
542.229				525.5
542.229		228.25		
542.229	396.5			
542.258			98	
542.258				525.5
542.258		234		
542.258	393.25			
542.295			98	
542.295			98.25	
542.295				525.25
542.295		239.25		
542.295	390.5			
542.295	390.5			
542.327			98	
542.327				525.5
542.327		243.75		
542.327	389.25			
542.36			98.25	
542.36				525.5
542.36		247		
542.36	388.25			
542.388			98.5	
542.388				525.75
542.388		249.75		
542.388	388.75			
542.418			98.75	
542.418			98.5	
542.418				525.75
542.418		250.75		
542.418	390.25			
542.418	390.25			
542.452			98.75	
542.452				526
542.452		251		
542.452	392.5			
542.488			98.75	
542.488				526
542.488		250		
542.488	395.75			
542.521			99	
542.521				526.5
542.521		248		
542.521	399.75			
542.565			99	
542.565				526.5
542.565		245		
542.565	404.25			
542.589			99.5	
542.589				526.75
542.589		241		
542.589	409.5			
542.626			99.5	
542.626				527.25
542.626		236.5		
542.626	414.75			
542.654			100.25	
542.654				527.5
542.654				527.75
542.654		230.75		
542.654	420.25			
542.685			100.5	
542.685				528
542.685				527.5
542.685		225		
542.685	426			
542.715			101	
542.715				528.5
542.715		219		
542.715	431			
542.747			101.25	
542.747				529
542.747		213.25		
542.747	436.25			
542.781			101.75	
542.781				529.25
542.781		207.5		
542.781	440.5			
542.816			102.5	
542.816				530
542.816				529.5
542.816		202.25		
542.816	444.75			
542.851			102.75	
542.851				530
542.851				530.5
542.851		197.75		
542.851	447.75			
542.897			102.75	
542.897				530.5
542.897		193.75		
542.897	450			
542.933			103	
542.933				530.75
542.933		191.25		
542.933	451			
542.986			103.5	
542.986				531.5
542.986		188.5		
542.986	450.5			
543.031			103.75	
543.031			103.75	
543.031				531.5
543.031		188.75		
543.031	449			
543.061			103.75	
543.061				531.5
543.061				531.75
543.061		190.75		
543.061	446.25			
543.094			103.75	
543.094				531.25
543.094				531.25
543.094		193.75		
543.094	442.75			
543.131			103.75	
543.131				531.5
543.131		197		
543.131	438.75			
543.172			103	
543.172				531
543.172				531.25
543.172		206.75		
543.172	429.25			
543.216			103	
543.216				530.5
543.216		212.75		
543.216	424.25			
543.246			102.75	
543.246				530.5
543.246		219		
543.246	418.75			
543.277			102.5	
543.277				530.25
543.277		224.75		
543.277	413.75			
543.31			101.75	
543.31				529.25
543.31		230.75		
543.31	409.25			
543.336			101.5	
543.336				529
543.336		236.5		
543.336	404.5			
543.367			101	
543.367				528.5
543.367		241.5		
543.367	400.75			
543.403			100.75	
543.403			100.5	
543.403				527.75
543.403		246		
543.403	397.5			
543.433			100.25	
543.433				527.5
543.433		249		
543.433	394.75			
543.479			99.75	
543.479				527
543.479				526.75
543.479		251.75		
543.479	393.25			
543.511			99.25	
543.511				526.25
543.511		252.75		
543.511	392.5			
543.544			98.75	
543.544				526.5
543.544		252.75		
543.544	392.5			
543.576			98.5	
543.576				526
543.576		251.75		
543.576	393.5			
543.606			98.5	
543.606				525.5
543.606		249		
543.606	395.25			
543.638			98	
543.638				525.5
543.638		245.5		
543.638	398			
543.677			98	
543.677				525.25
543.677		241		
543.677	401.25			
543.709			97.75	
543.709				525
543.709		236		
543.709	405			
543.736			97.75	
543.736				525.25
543.736		230.25		
543.736	408.75			
543.768			97.75	
543.768				525
543.768		223.75		
543.768	413.75			
543.812			98	
543.812			97.75	
543.812				525
543.812		217		
543.812	418.25			
543.843			97.75	
543.843				525
543.843		210.5		
543.843	423			
543.88			98	
543.88				525.5
543.88		204		
543.88	427.25			
543.915			98	
543.915				525.25
543.915		197.75		
543.915	431.5			
543.96			98	
543.96			97.75	
543.96				525.5
543.96		192.75		
543.96	435			
543.996			98	
543.996			97.75	
543.996				525.5
543.996		188		
543.996	438.25			
544.037			98	
544.037				525.5
544.037		182.25		
544.037	442			
544.072			98	
544.072				525.5
544.072		181.25		
544.072	442.25			
544.107			98	
544.107				525.5
544.107		181.25		
544.107	442.25			
544.151			98	
544.151			97.75	
544.151				525.5
544.151		182.5		
544.151	441.25			
544.183			98	
544.183			98	
544.183				525.5
544.183		184.75		
544.183	439.5			
544.217			97.75	
544.217			97.5	
544.217				525
544.217		188.25		
544.217	436.75			
544.26			97.75	
544.26				525.25
544.26		193.25		
544.26	433.5			
544.294			97.75	
544.294			98	
544.294				525
544.294		198		
544.294	430			
544.329			97.75	
544.329				524.75
544.329		204.5		
544.329	426			
544.359			97.5	
544.359				524.75
544.359		211		
544.359	421			
544.384			97.75	
544.384				524.5
544.384		217.5		
544.384	416.75			
544.426			97.75	
544.426				524.5
544.426		224		
544.426	412.25			
544.447			97.75	
544.447				524.5
544.447		230.25		
544.447	407.25			
544.494			97.75	
544.494				524.75
544.494		236		
544.494	403.25			
544.527			97.75	
544.527				525
544.527		241.25		
544.527	399.75			
544.561			98	
544.561				525.5
544.561		245.5		
544.561	396.75			
544.588			98.25	
544.588				525.5
544.588		248.75		
544.588	394.25			
544.621			98.25	
544.621				525.75
544.621		250.75		
544.621	392.5			
544.661			98.75	
544.661				526
544.661		251.75		
544.661	392			
544.691			99	
544.691				526
544.691		251.75		
544.691	392.25			
544.73			99.25	
544.73				526.5
544.73		250.75		
544.73	393.25			
544.765			100.25	
544.765				527.5
544.765		245		
544.765	397.75			
544.794			100.25	
544.794				527.5
544.794		245		
544.794	397.75			
544.836			101	
544.836				528.5
544.836		235.75		
544.836	405.25			
544.863			101	
544.863				528.5
544.863		235.75		
544.863	405.25			
544.893			101.5	
544.893				528.5
544.893		230.25		
544.893	410.25			
544.935			102	
544.935				529.5
544.935				529.5
544.935		218.25		
544.935	420.25			
544.962			102	
544.962				529.5
544.962				529.5
544.962		218.25		
544.962	420.25			
544.993			102.25	
544.993				530
544.993				529.5
544.993		212.5		
544.993	425.75			
545.023			102.5	
545.023				530.25
545.023				530
545.023		206.5		
545.023	430.75			
545.052			102.5	
545.052				530.25
545.052		201.25		
545.052	435.75			
545.085			102.5	
545.085				530.5
545.085				530.25
545.085		197		
545.085	440.25			
545.127			102.75	
545.127			103	
545.127				530.5
545.127		193.75		
545.127	443.75			
545.16			102.75	
545.16				530
545.16		190.75		
545.16	447			
545.195			102.5	
545.195				530
545.195		189		
545.195	449			
545.227			102.25	
545.227				529.5
545.227		188.75		
545.227	450.25			
545.26			101.75	
545.26				529
545.26		189.25		
545.26	450.5			
545.294			101.25	
545.294				529
545.294		190.75		
545.294	449.75			
545.326			101	
545.326				528.5
545.326				528.75
545.326		193.5		
545.326	448			
545.351			100.75	
545.351			100.75	
545.351				528.25
545.351		197		
545.351	445.25			
545.382			100.5	
545.382			100.25	
545.382				528
545.382		201.25		
545.382	441.5			
545.413			100.25	
545.413				527.5
545.413		206.5		
545.413	437.5			
545.449			99.75	
545.449				527
545.449		211.5		
545.449	432.25			
545.493			99.25	
545.493				526.5
545.493		217.25		
545.493	427.25			
545.526			99	
545.526				526.5
545.526		222.75		
545.526	421.5			
545.551			98.75	
545.551				526.5
545.551				526.5
545.551		228.5		
545.551	415.5			
545.582			98.75	
545.582				526
545.582				526
545.582		233.25		
545.582	410.25			
545.627			98.75	
545.627				526
545.627		238		
545.627	404.75			
545.65			98.75	
545.65				526
545.65		241.5		
545.65	399.75			
545.693			98.75	
545.693			98.75	
545.693				526
545.693		244.5		
545.693	395.5			
545.717			98.75	
545.717				525.75
545.717		246.75		
545.717	391.75			
545.759			98.75	
545.759				526
545.759		247.5		
545.759	389.25			
545.786			98.75	
545.786				525.75
545.786		247.75		
545.786	387.5			
545.818			98.5	
545.818				526
545.818		246.75		
545.818	387			
545.864			98.75	
545.864				526.25
545.864		244.5		
545.864	387.25			
545.893			98.75	
545.893				526
545.893		242		
545.893	389			
545.928			98.75	
545.928			99	
545.928				526
545.928		238		
545.928	391.5			
545.96			98.75	
545.96			98.75	
545.96				526.25
545.96		233.5		
545.96	394.75			
545.995			99	
545.995				526
545.995		228.5		
545.995	399			
546.026			98.75	
546.026				526.25
546.026		223.25		
546.026	404			
546.049			98.75	
546.049				526.25
546.049		217.5		
546.049	409.25			
546.083			99	
546.083				526
546.083		212		
546.083	414.75			
546.119			98.75	
546.119				526
546.119		206.75		
546.119	420.75			
546.16			98.75	
546.16				526
546.16		201.5		
546.16	426.25			
546.193			98.75	
546.193				525.75
546.193				525.5
546.193		197.25		
546.193	431.75			
546.226			98.5	
546.226				525.5
546.226		193.5		
546.226	436.5			
546.259			98.5	
546.259				525.25
546.259		190.75		
546.259	441			
546.284			98.5	
546.284				525.5
546.284		188.75		
546.284	444.5			
546.318			98	
546.318				525.25
546.318		187.75		
546.318	447			
546.35			98	
546.35			97.75	
546.35				525.5
546.35		187.75		
546.35	448.75			
546.395			98	
546.395				525.25
546.395		188.5		
546.395	449.25			
546.425			98	
546.425				525.25
546.425		190		
546.425	448.75			
546.453			98	
546.453				525.25
546.453		193.25		
546.453	447			
546.492			98	
546.492				525
546.492		197		
546.492	444.25			
546.517			98	
546.517				525.5
546.517		201.25		
546.517	440.5			
546.558			98	
546.558				525.25
546.558		206.5		
546.558	436.5			
546.593			98	
546.593				525.25
546.593		211.25		
546.593	431.25			
546.628			98.5	
546.628				525.5
546.628		217		
546.628	426			
546.659			98.75	
546.659				525.75
546.659		222.5		
546.659	420.25			
546.694			98.75	
546.694				526
546.694		227.75		
546.694	414.25			
546.725			99	
546.725				526.25
546.725		232.75		
546.725	408.75			
546.762			99.25	
546.762				526.5
546.762		237		
546.762	403.5			
546.795			99.5	
546.795			99.5	
546.795				526.5
546.795		240.5		
546.795	398.75			
546.827			99.75	
546.827				527.25
546.827		243.5		
546.827	394.5			
546.861			100	
546.861				527.5
546.861				527.25
546.861		246		
546.861	391.25			
546.891			100	
546.891				527.75
546.891		247.25		
546.891	389			
546.931			100.75	
546.931				528.25
546.931		247.5		
546.931	387.75			
546.965			101.25	
546.965				528.75
546.965				529
546.965		245		
546.965	388.25			
547.008			101.5	
547.008				529
547.008		243		
547.008	390.5			
547.04			101.75	
547.04				529.5
547.04		239.75		
547.04	393.75			
547.075			101.75	
547.075				529.25
547.075		235.75		
547.075	397.5			
547.109			101.75	
547.109				529
547.109				529.25
547.109		231.25		
547.109	402.25			
547.145			101.75	
547.145			101.5	
547.145				529.25
547.145		226.5		
547.145	408.25			
547.176			101.25	
547.176				529
547.176		221.5		
547.176	413.75			
547.202			101.25	
547.202				528.5
547.202		216.75		
547.202	420			
547.232			101	
547.232				528.5
547.232				528.75
547.232		211.75		
547.232	426.25			
547.263			101	
547.263				528.5
547.263				528.75
547.263		211.75		
547.263	426.25			
547.295			100.75	
547.295				528
547.295		203		
547.295	438			
547.334			100.75	
547.334				528
547.334		203		
547.334	438			
547.366			100	
547.366			99.75	
547.366				527.25
547.366		196.25		
547.366	447			
547.398			99.75	
547.398				527.5
547.398		194		
547.398	450.25			
547.441			99.75	
547.441				527.25
547.441		192.75		
547.441	452.5			
547.476			99.5	
547.476				527
547.476	453.5			
547.476		192		
547.51			99.5	
547.51			99.25	
547.51				527
547.51	453			
547.51		192.75		
547.542			99.5	
547.542				526.75
547.542		194.25		
547.542	451.75			
547.575			99.75	
547.575				527.25
547.575		196.25		
547.575	449.5			
547.597			99.5	
547.597				527
547.597		199		
547.597	446			
547.63			99.5	
547.63				527
547.63		199		
547.63	446			
547.659			99.5	
547.659			99.5	
547.659				527
547.659		202.5		
547.659	441.25			
547.691			100	
547.691				527.25
547.691		206.75		
547.691	436.5			
547.722			100	
547.722				527.5
547.722		211.25		
547.722	430.25			
547.751			100.25	
547.751				527.5
547.751		216		
547.751	424.25			
547.783			100.25	
547.783			100.25	
547.783				528
547.783		221		
547.783	417.75			
547.818			100.75	
547.818			100.75	
547.818				528
547.818		225.5		
547.818	412.25			
547.855			101	
547.855				528.5
547.855		230.5		
547.855	406			
547.895			101.25	
547.895				528.5
547.895		234.5		
547.895	400.5			
547.925			101.25	
547.925				528.5
547.925		238		
547.925	395.5			
547.957			101.5	
547.957				529
547.957		241.25		
547.957	392			
547.992			101.5	
547.992				529.25
547.992				529.25
547.992		243.5		
547.992	389			
548.026			101.5	
548.026				529
548.026				529.25
548.026		245.25		
548.026	387.25			
548.058			101.5	
548.058				529
548.058				528.75
548.058		246		
548.058	386.5			
548.091			101.5	
548.091				528.5
548.091		246		
548.091	387			
548.116			101	
548.116				528.5
548.116				528.5
548.116		244.5		
548.116	388.25			
548.148			101	
548.148			100.75	
548.148				528.25
548.148				527.75
548.148		242.75		
548.148	391.25			
548.192			100.75	
548.192				528.25
548.192		240		
548.192	394.75			
548.225			100.25	
548.225				527.75
548.225		236.75		
548.225	399.75			
548.255			100	
548.255				527.5
548.255		232.5		
548.255	404.5			
548.255	404.5			
548.29			100	
548.29			99.75	
548.29				527.5
548.29		228.25		
548.29	410.25			
548.32			99.75	
548.32				527
548.32		223.25		
548.32	416.25			
548.355			99.75	
548.355				527
548.355		218.5		
548.355	422.25			
548.39			99.5	
548.39			99.5	
548.39				526.75
548.39		213.5		
548.39	428.75			
548.416			99.5	
548.416			99.25	
548.416				527
548.416		208.75		
548.416	434.25			
548.446			99.5	
548.446				526.75
548.446		204.25		
548.446	439.25			
548.477			99	
548.477				526.5
548.477		200.25		
548.477	444			
548.509			99.75	
548.509				526.5
548.509		197		
548.509	447.5			
548.549			99.75	
548.549				527
548.549		194		
548.549	450.25			
548.582			99.5	
548.582				527
548.582		192.75		
548.582	451.75			
548.627			99.75	
548.627				527.5
548.627		191.5		
548.627	452.25			
548.657			100	
548.657				527.5
548.657		191.75		
548.657	451.75			
548.692			100.25	
548.692				527.5
548.692				527.5
548.692		192.5		
548.692	449.75			
548.724			100.5	
548.724				528
548.724		194.25		
548.724	447			
548.758			100.75	
548.758				528
548.758		197.25		
548.758	443.25			
548.791			101	
548.791				528.5
548.791		200.25		
548.791	438.75			
548.825			101	
548.825			101	
548.825				528.5
548.825				529
548.825		204.75		
548.825	433.25			
548.86			101	
548.86				529
548.86				529
548.86		209.5		
548.86	428			
548.893			101.5	
548.893				529
548.893		214.25		
548.893	422.25			
548.928			101.5	
548.928			101.75	
548.928				529
548.928		219.75		
548.928	416.5			
548.963			101.5	
548.963				529.25
548.963		225		
548.963	411			
548.992			101.25	
548.992				529
548.992		230		
548.992	405.5			
549.025			101.25	
549.025				528.75
549.025		235		
549.025	400.75			
549.066			101	
549.066				528.25
549.066		242.5		
549.066	393.25			
549.091			101	
549.091				528.25
549.091		242.5		
549.091	393.25			
549.123			100.75	
549.123				528
549.123		245.5		
549.123	391			
549.16			100.5	
549.16			100.5	
549.16				528
549.16		247.25		
549.16	389.25			
549.194			100.5	
549.194				527.75
549.194		248.5		
549.194	389.25			
549.224			100	
549.224				527.5
549.224		248		
549.224	389.75			
549.251			100	
549.251				527.5
549.251		247.25		
549.251	391.5			
549.285			99.5	
549.285				527.5
549.285		245.25		
549.285	394.25			
549.319			99.5	
549.319				527
549.319		242		
549.319	397.75			
549.358			99.5	
549.358				527
549.358		238.75		
549.358	402			
549.391			99.75	
549.391				527
549.391		233.75		
549.391	406.5			
549.425			99.5	
549.425			99.25	
549.425				526.75
549.425		229		
549.425	411.75			
549.459			99.5	
549.459				527
549.459				526.75
549.459		224		
549.459	417.25			
549.495			99.5	
549.495				527
549.495		218.25		
549.495	423			
549.526			99.5	
549.526				527.25
549.526		212.75		
549.526	428.25			
549.558			99.75	
549.558				527.5
549.558		207.75		
549.558	433.5			
549.592			100	
549.592				527.5
549.592		202.25		
549.592	437.5			
549.617			100	
549.617			99.75	
549.617				527.5
549.617		198.25		
549.617	442			
549.648			100.5	
549.648				527.75
549.648		194.25		
549.648	445			
549.678			100.25	
549.678				528
549.678		191.75		
549.678	447.5			
549.708			100.75	
549.708			100.75	
549.708				528
549.708		189.75		
549.708	448.75			
549.738			101	
549.738			100.5	
549.738				528.5
549.738		188.75		
549.738	449			
549.771			101.25	
549.771				528.5
549.771		189		
549.771	448.75			
549.814			101.5	
549.814				528.5
549.814				528.5
549.814		190.25		
549.814	447			
549.858			101.5	
549.858				529
549.858				528.75
549.858		192.5		
549.858	444.5			
549.882			101	
549.882				528.75
549.882		196.25		
549.882	441.5			
549.925			101.5	
549.925				529
549.925				528.75
549.925		200		
549.925	437.5			
549.958			101.5	
549.958				529
549.958				529
549.958		204.75		
549.958	433.25			
549.991			101	
549.991				528.5
549.991		210		
549.991	428			
550.025			101	
550.025				528.5
550.025		215.25		
550.025	422.75			
550.06			101	
550.06				528.25
550.06		221.5		
550.06	417.5			
550.091			101	
550.091				528
550.091				528
550.091		227.25		
550.091	412.25			
550.14			100.5	
550.14				528
550.14		237.25		
550.14	402.75			
550.168			100.25	
550.168				527.5
550.168		241.75		
550.168	398.75			
550.214			100.5	
550.214				527.5
550.214				527.75
550.214		245.5		
550.214	395.75			
550.242			100.25	
550.242				527.25
550.242				527.5
550.242		247.75		
550.242	393.25			
550.274			100.25	
550.274				527.25
550.274		249.5		
550.274	392			
550.303			100.25	
550.303			100.25	
550.303				527.5
550.303		250		
550.303	391.25			
550.303	391.25			
550.334			100.5	
550.334			100	
550.334				527.5
550.334				527.5
550.334		249.75		
550.334	391.5			
550.375			100.5	
550.375				527.75
550.375				527.75
550.375		248		
550.375	392.75			
550.408			100.25	
550.408			100.5	
550.408				528
550.408		245.75		
550.408	394.75			
550.446			101	
550.446			100.75	
550.446				528
550.446		242.25		
550.446	398			
550.478			100.75	
550.478			100.75	
550.478				528.25
550.478		238		
550.478	402			
550.507			101	
550.507				528.25
550.507		233.25		
550.507	406.25			
550.538			101	
550.538				528.5
550.538		228		
550.538	411.25			
550.567			101.25	
550.567			100.75	
550.567				528.5
550.567		222		
550.567	416.75			
550.6			101	
550.6				528.5
550.6				529
550.6		216.75		
550.6	422			
550.631			101	
550.631				528.5
550.631				529
550.631		216.75		
550.631	422			
550.664			101.25	
550.664				528.5
550.664		211.25		
550.664	427			
550.709			101	
550.709				528.5
550.709				528.75
550.709		201.25		
550.709	437.25			
550.732			101	
550.732				528.5
550.732		197		
550.732	441.25			
550.762			101	
550.762				528.5
550.762		197		
550.762	441.25			
550.802			101	
550.802				528.25
550.802		191.25		
550.802	447			
550.834			100.75	
550.834				528.25
550.834		189.75		
550.834	449			
550.867			100.75	
550.867				528
550.867		189.75		
550.867	449.75			
550.916			100.25	
550.916				528
550.916		189.75		
550.916	449.25			
550.942			100.25	
550.942				527.75
550.942		191.25		
550.942	448			
550.974			100	
550.974				527.5
550.974		194		
550.974	445.5			
551.004			100.25	
551.004				527.5
551.004				527.5
551.004		197.25		
551.004	442.25			
551.035			100	
551.035				527.5
551.035		201.5		
551.035	438.5			
551.075			99.75	
551.075				527.5
551.075		206		
551.075	433.75			
551.109			100.5	
551.109				527.5
551.109		211.25		
551.109	428.75			
551.141			100.25	
551.141				527.5
551.141		216.75		
551.141	423			
551.175			100.25	
551.175				527.5
551.175		222		
551.175	417.5			
551.208			100.5	
551.208				527.75
551.208		227.75		
551.208	412.25			
551.242			100.5	
551.242				528.25
551.242		232.75		
551.242	407			
551.275			100.75	
551.275			100.5	
551.275				528
551.275		237		
551.275	402			
551.307			100.75	
551.307				528
551.307		241.25		
551.307	397.75			
551.336			101	
551.336				528.5
551.336		244.25		
551.336	394.5			
551.375			101	
551.375			101	
551.375				528.5
551.375		246.5		
551.375	392.25			
551.375	392.25			
551.403			101	
551.403				528.5
551.403		248.25		
551.403	390.25			
551.442			101.25	
551.442				528.5
551.442		248.5		
551.442	390.25			
551.47			101	
551.47				528.75
551.47		248.25		
551.47	390.25			
551.504			101.25	
551.504			101.5	
551.504				528.75
551.504				528.5
551.504		246.75		
551.504	392.25			
551.541			101.25	
551.541				528.5
551.541		244.25		
551.541	394.5			
551.571			101	
551.571				528.5
551.571				528.75
551.571		241.25		
551.571	397.75			
551.606			101	
551.606			100.75	
551.606				528.5
551.606		237.25		
551.606	402			
551.636			101	
551.636				528.25
551.636		232.5		
551.636	406.5			
551.674			100.75	
551.674			100.75	
551.674				528.25
551.674		227.75		
551.674	411.75			
551.709			100.75	
551.709				528
551.709		222.25		
551.709	417.75			
551.741			100.75	
551.741			100.5	
551.741				528
551.741		217		
551.741	423.25			
551.775			100.5	
551.775				528
551.775		211.75		
551.775	428.75			
551.812			100.25	
551.812				527.75
551.812		206.75		
551.812	433.75			
551.842			100.5	
551.842				527.75
551.842				528
551.842		202		
551.842	438.5			
551.874			100.5	
551.874				527.5
551.874		198.25		
551.874	442.5			
551.91			100.25	
551.91				527.75
551.91		194.5		
551.91	446			
551.942			100.5	
551.942			100.25	
551.942				527.75
551.942		192		
551.942	448.25			
551.976			100.5	
551.976				527.75
551.976		190.75		
551.976	449.75			
552.011			100.5	
552.011			100.5	
552.011				528
552.011		190		
552.011	450			
552.046			100.75	
552.046				528
552.046		190.75		
552.046	449.5			
552.079			101	
552.079				528.25
552.079				528
552.079		192		
552.079	448			
552.124			101	
552.124				528.25
552.124		194		
552.124	445.25			
552.158			101	
552.158				528.25
552.158		197.25		
552.158	441.75			
552.192			101	
552.192				528.5
552.192		201.5		
552.192	437.5			
552.224			101	
552.224				528.5
552.224		205.75		
552.224	432.75			
552.258			101	
552.258				528.5
552.258				528.5
552.258		211.25		
552.258	427.75			
552.292			101	
552.292				528.5
552.292		216.25		
552.292	422.75			
552.324			101	
552.324				528.5
552.324		222		
552.324	416.75			
552.356			101	
552.356				528.5
552.356		227.5		
552.356	411.25			
552.384			101	
552.384				528.25
552.384		232.5		
552.384	406.5			
552.418			100.75	
552.418				528.25
552.418		237.25		
552.418	401.75			
552.457			100.75	
552.457				528.25
552.457		241.25		
552.457	397.75			
552.481			100.75	
552.481				528
552.481		244.5		
552.481	394.5			
552.515			100.75	
552.515				528
552.515		247		
552.515	392.25			
552.547			100.75	
552.547			101	
552.547				528.25
552.547		248.25		
552.547	391.25			
552.547	391			
552.585			100.5	
552.585				528
552.585		249		
552.585	390.25			
552.623			100.5	
552.623				528
552.623		248.5		
552.623	391.25			
552.672			100.75	
552.672				528
552.672		244.25		
552.672	395			
552.694			100.75	
552.694				528
552.694		244.25		
552.694	395			
552.728			100.75	
552.728				528
552.728		241		
552.728	398			
552.758			101	
552.758			100.75	
552.758				528.25
552.758		237		
552.758	402.25			
552.787			100.75	
552.787				528
552.787		232.5		
552.787	407.25			
552.821			101	
552.821				528.25
552.821				528
552.821		227.5		
552.821	412			
552.856			101.25	
552.856				528.5
552.856		222		
552.856	417.75			
552.885			101	
552.885				528.5
552.885		216.5		
552.885	423.25			
552.927			101	
552.927			100.25	
552.927				528.5
552.927		211.25		
552.927	428.25			
552.96			100.75	
552.96				528.5
552.96		206.25		
552.96	433.75			
552.993			101	
552.993			100.75	
552.993				528.25
552.993				528.5
552.993		201.5		
552.993	438.25			
553.027			101	
553.027			100.75	
553.027				528.5
553.027		197.5		
553.027	442.25			
553.057			101	
553.057				528.5
553.057		194.25		
553.057	445.75			
553.094			101	
553.094				528.5
553.094		192		
553.094	448			
553.134			101	
553.134				528
553.134		190.75		
553.134	449.5			
553.161			100.75	
553.161				528
553.161		190		
553.161	450			
553.192			100.75	
553.192				528
553.192		190.75		
553.192	449.5			
553.226			100.5	
553.226			100.5	
553.226				528
553.226		192.5		
553.226	448			
553.257			100.5	
553.257				528
553.257		195		
553.257	445.25			
553.287			100.75	
553.287			100.5	
553.287				528
553.287		198.25		
553.287	442			
553.321			100.75	
553.321			100.75	
553.321				528
553.321		202		
553.321	437.5			
553.36			100.75	
553.36				528
553.36		206.75		
553.36	433			
553.386			100.75	
553.386				528.25
553.386		212.25		
553.386	428.25			
553.422			100.75	
553.422				528
553.422		217.25		
553.422	422.75			
553.45			100.75	
553.45				528.25
553.45				528.25
553.45		222.5		
553.45	417			
553.491			100.75	
553.491				528.25
553.491		228		
553.491	411.25			
553.523			101	
553.523				528
553.523		232.75		
553.523	406.25			
553.557			101	
553.557				528.5
553.557		237.25		
553.557	401.75			
553.59			101	
553.59				528.5
553.59		241.25		
553.59	397.5			
553.624			101	
553.624			100.75	
553.624				528.5
553.624		244.25		
553.624	394.25			
553.657			101	
553.657				528.25
553.657		246.5		
553.657	392.25			
553.692			101	
553.692				528
553.692		248		
553.692	390.75			
553.731			101	
553.731				528.5
553.731		248.5		
553.731	390.25			
553.759			100.75	
553.759				528.25
553.759		247.75		
553.759	390.75			
553.792			101	
553.792			100.75	
553.792				528
553.792		246.5		
553.792	392.75			
553.826			101	
553.826				528
553.826		244		
553.826	395			
553.861			100.75	
553.861				528
553.861		240.75		
553.861	398			
553.908			100.5	
553.908				528
553.908		231.75		
553.908	407.25			
553.94			100.75	
553.94				528
553.94		227		
553.94	412.75			
553.975			100.5	
553.975			100.75	
553.975				528
553.975		221.5		
553.975	417.75			
554.009			100.75	
554.009			100.5	
554.009				528.5
554.009		216.5		
554.009	423.5			
554.04			100.5	
554.04			100.5	
554.04				528
554.04		210.75		
554.04	428.75			
554.065			100.75	
554.065				528
554.065		206		
554.065	433.75			
554.107			100.75	
554.107				528.25
554.107		201.25		
554.107	438.5			
554.131			100.75	
554.131				528.25
554.131		201.25		
554.131	438.5			
554.168			101	
554.168				528.5
554.168		194.25		
554.168	445.75			
554.201			100.75	
554.201				528.25
554.201		192		
554.201	448			
554.248			101	
554.248				528.25
554.248		190.75		
554.248	449.5			
554.274			101	
554.274				528.25
554.274		190.5		
554.274	450			
554.304			100.75	
554.304				528.5
554.304		191		
554.304	449.25			
554.34			101	
554.34				528.25
554.34		192.75		
554.34	448			
554.369			100.75	
554.369				528.25
554.369		195		
554.369	445.25			
554.402			101	
554.402				528.5
554.402		198.5		
554.402	441.75			
554.44			100.75	
554.44				528.25
554.44		202.75		
554.44	437.5			
554.474			100.75	
554.474				528.25
554.474		207.5		
554.474	433			
554.507			100.75	
554.507			100.75	
554.507				528.25
554.507		212.5		
554.507	428			
554.545			100.75	
554.545				528.25
554.545		218		
554.545	422.5			
554.578			100.75	
554.578				528
554.578				528
554.578		223.25		
554.578	416.75			
554.609			100.75	
554.609				528
554.609		228.5		
554.609	411.25			
554.637			100.75	
554.637			100	
554.637				528
554.637		233		
554.637	406.25			
554.673			100.75	
554.673				528.25
554.673		238		
554.673	401.75			
554.701			101	
554.701				528.25
554.701		241.25		
554.701	397.5			
554.743			101	
554.743				528
554.743		244.75		
554.743	394.5			
554.774			101	
554.774				528
554.774		246.75		
554.774	392.25			
554.807			101	
554.807				528.25
554.807		248		
554.807	390.75			
554.84			101	
554.84				528.25
554.84		248.25		
554.84	390.25			
554.873			101	
554.873			100.75	
554.873				528.25
554.873		247.5		
554.873	391			
554.915			101	
554.915				528.5
554.915		246		
554.915	392.5			
554.915	392.25			
554.995			100.75	
554.995				528.5
554.995		240		
554.995	398			
555.033			100.75	
555.033			100.5	
555.033				528.5
555.033				528.5
555.033		231.25		
555.033	407.25			
555.062			100.75	
555.062			100.5	
555.062				528.5
555.062				528.5
555.062		231.25		
555.062	407.25			
555.095			100.75	
555.095			100.75	
555.095				528.25
555.095		226.75		
555.095	412.75			
555.128			100.75	
555.128			101	
555.128				528
555.128		221		
555.128	417.75			
555.175			100.5	
555.175				528
555.175				527.75
555.175		210.5		
555.175	428.75			
555.208			100.75	
555.208				528
555.208		205.75		
555.208	433.75			
555.239			100.75	
555.239				528
555.239		201.25		
555.239	438.5			
555.265			100.75	
555.265			100.75	
555.265				528.5
555.265		197.25		
555.265	442.5			
555.297			100.75	
555.297				528
555.297		194		
555.297	445.75			
555.342			100.75	
555.342			100.75	
555.342				528.25
555.342		192		
555.342	448.25			
555.366			100.75	
555.366				528
555.366		190.75		
555.366	449.25			
555.406			101	
555.406			100.5	
555.406				528
555.406		190.5		
555.406	449.75			
555.44			100.75	
555.44				528.25
555.44		191.25		
555.44	449.25			
555.474			101	
555.474				528
555.474		193		
555.474	447.5			
555.51			101	
555.51				528
555.51		195.75		
555.51	445.25			
555.538			101	
555.538				528.5
555.538		199.25		
555.538	441.75			
555.567			101	
555.567				528.5
555.567		203		
555.567	437.5			
555.598			101	
555.598				528.5
555.598		207.75		
555.598	432.75			
555.63			101	
555.63				528.5
555.63		207.75		
555.63	432.75			
555.672			101	
555.672				528
555.672		218.25		
555.672	422.25			
555.707			101	
555.707				528.5
555.707		223.5		
555.707	416.75			
555.739			100.75	
555.739				528.25
555.739		229		
555.739	411.25			
555.773			101	
555.773				528.5
555.773		233.75		
555.773	406.25			
555.806			100.75	
555.806				528.25
555.806		238.25		
555.806	401.75			
555.846			100.75	
555.846				528
555.846		242		
555.846	397.75			
555.876			100.75	
555.876				528.25
555.876				528
555.876		244.75		
555.876	394.5			
555.914			100.75	
555.914			100.75	
555.914				528
555.914				527.75
555.914		247		
555.914	392.25			
555.956			100.75	
555.956			101	
555.956				528
555.956		248		
555.956	391			
555.988			101	
555.988				528
555.988		248		
555.988	390.25			
556.013			101	
556.013				528
556.013		247.25		
556.013	391			
556.044			101	
556.044			100.25	
556.044				528.5
556.044		245.75		
556.044	392.5			
556.074			101	
556.074			100.5	
556.074				528.25
556.074		243.25		
556.074	395.25			
556.104			101	
556.104				528.25
556.104		239.75		
556.104	398.75			
556.138			100.75	
556.138			101	
556.138				528.5
556.138		235.5		
556.138	402.5			
556.173			100.75	
556.173				528
556.173		231		
556.173	407.25			
556.209			101	
556.209			100.75	
556.209				528.5
556.209		226		
556.209	412.75			
556.242			100.75	
556.242				528.25
556.242				528.25
556.242		220.25		
556.242	417.75			
556.276			100.75	
556.276				528
556.276		215		
556.276	423.25			
556.309			101	
556.309				528
556.309		210		
556.309	429			
556.336			100.75	
556.336				528
556.336		205.25		
556.336	433.75			
556.371			100.75	
556.371			100.5	
556.371				528
556.371		201.25		
556.371	438.5			
556.404			100.75	
556.404				528.25
556.404		197.25		
556.404	442.5			
556.442			100.75	
556.442				528.25
556.442		194		
556.442	445.75			
556.473			100.75	
556.473				528
556.473		192		
556.473	448			
556.507			100.75	
556.507			101	
556.507				528
556.507		190.75		
556.507	449.25			
556.539			100.75	
556.539				528
556.539		190.75		
556.539	450			
556.569			100.75	
556.569				528
556.569				528
556.569		191.75		
556.569	449.25			
556.6			100.75	
556.6				528
556.6		193.25		
556.6	447.25			
556.629			100.75	
556.629				528
556.629		193.25		
556.629	447.25			
556.673			100.75	
556.673				528.25
556.673		199.5		
556.673	441.5			
556.695			101	
556.695			101	
556.695				528.5
556.695		203.75		
556.695	437.5			
556.73			101	
556.73			101	
556.73				528.5
556.73		203.75		
556.73	437.5			
556.772			101	
556.772				528.25
556.772		213.25		
556.772	427.25			
556.795			101	
556.795				528.25
556.795		213.25		
556.795	427.25			
556.827			100.75	
556.827				528.25
556.827		218.5		
556.827	421.75			
556.859			100.75	
556.859				528
556.859				528.75
556.859		224		
556.859	416.5			
556.89			100.75	
556.89				528.25
556.89		229.5		
556.89	411.25			
556.922			101	
556.922				528.5
556.922		234		
556.922	406			
556.956			101	
556.956				528
556.956		238.25		
556.956	401.75			
556.986			100.75	
556.986				528.25
556.986		242		
556.986	397.75			
557.015			101	
557.015				528.25
557.015		244.75		
557.015	394.5			
557.047			101	
557.047			100.75	
557.047				528
557.047		246.75		
557.047	392.25			
557.047	392.25			
557.08			100.75	
557.08			100.75	
557.08				528
557.08		248		
557.08	391			
557.08	391			
557.122			100.75	
557.122				528.25
557.122		248.25		
557.122	390.5			
557.153			101	
557.153				528.25
557.153		247.25		
557.153	391.25			
557.201			101	
557.201				528
557.201		242.75		
557.201	395.5			
557.225			101	
557.225				528
557.225		242.75		
557.225	395.5			
557.256			100.75	
557.256				528.25
557.256				528.25
557.256		239.25		
557.256	398.75			
557.289			100.75	
557.289				528.25
557.289		235		
557.289	402.5			
557.318			100.75	
557.318				528
557.318		230.5		
557.318	407.25			
557.351			100.75	
557.351				528
557.351		225		
557.351	412.75			
557.391			100.75	
557.391			100.5	
557.391				528.5
557.391		220.25		
557.391	418			
557.425			100.75	
557.425				528.25
557.425		214.75		
557.425	423.75			
557.458			100.75	
557.458				528
557.458		209.75		
557.458	428.75			
557.492			100.75	
557.492				528
557.492		205		
557.492	433.75			
557.53			100.75	
557.53				528
557.53		200.25		
557.53	438.5			
557.558			100.75	
557.558				528.25
557.558				528
557.558		197		
557.558	442.5			
557.59			100.75	
557.59				528
557.59		194		
557.59	445.5			
557.619			100.75	
557.619				528.25
557.619		192		
557.619	448			
557.652			100.75	
557.652				528
557.652		190.75		
557.652	449.25			
557.685			100.75	
557.685				528.25
557.685		190.75		
557.685	449.75			
557.721			100.75	
557.721			100.25	
557.721				528
557.721		191.75		
557.721	449			
557.751			101	
557.751				528
557.751				528
557.751		193.75		
557.751	447.25			
557.788			101	
557.788				528
557.788		196.25		
557.788	445			
557.821			100.75	
557.821				528.5
557.821		200		
557.821	441.25			
557.854			101	
557.854			101	
557.854				528.25
557.854				528.5
557.854		204		
557.854	437.25			
557.891			100.75	
557.891				528
557.891				528
557.891		208.75		
557.891	432.25			
557.924			101	
557.924				528.25
557.924		214		
557.924	427.25			
557.956			101	
557.956			100.75	
557.956				528.5
557.956		219.25		
557.956	421.75			
557.991			100.75	
557.991				528.25
557.991		224.5		
557.991	416.5			
558.027			101.25	
558.027				528.25
558.027		229.5		
558.027	411.25			
558.057			101	
558.057			101	
558.057				528.25
558.057		234.75		
558.057	406.25			
558.089			101	
558.089				528
558.089		239		
558.089	401.75			
558.122			100.75	
558.122				528.25
558.122		242.25		
558.122	397.75			
558.158			101	
558.158				528.5
558.158		245		
558.158	394.5			
558.191			101	
558.191			100.5	
558.191				528.25
558.191		247.25		
558.191	392.25			
558.221			100.75	
558.221			100.75	
558.221				528
558.221		248		
558.221	391.25			
558.256			101	
558.256				528.5
558.256		248		
558.256	390.75			
558.288			100.75	
558.288				528
558.288		247.25		
558.288	391.25			
558.345			100.75	
558.345				528
558.345		242.25		
558.345	395.75			
558.373			100.75	
558.373				528
558.373		239		
558.373	399			
558.409			101	
558.409			100.75	
558.409				528
558.409		234.75		
558.409	403.25			
558.455			101	
558.455				528
558.455		230		
558.455	408			
558.48			101	
558.48				528.5
558.48		225		
558.48	412.75			
558.524			100.75	
558.524				528
558.524				528
558.524		219.5		
558.524	418.25			
558.556			101	
558.556				528
558.556		214.5		
558.556	423.5			
558.591			101	
558.591				528.25
558.591		209		
558.591	429			
558.622			100.75	
558.622				528
558.622		204.25		
558.622	433.75			
558.648			101	
558.648				528
558.648				528.25
558.648		200.25		
558.648	438.5			
558.691			101	
558.691				528
558.691				528.25
558.691		196.5		
558.691	442.25			
558.722			101	
558.722				528
558.722		193.75		
558.722	445.5			
558.757			100.75	
558.757				528.25
558.757		191.75		
558.757	447.75			
558.796			100.75	
558.796			100.75	
558.796				528
558.796		190.75		
558.796	449			
558.824			100.75	
558.824				528.5
558.824		190.75		
558.824	449.25			
558.858			101.25	
558.858				528.25
558.858		192		
558.858	448.75			
558.889			101	
558.889				528.25
558.889		194		
558.889	447.25			
558.923			101	
558.923				528.25
558.923		196.25		
558.923	444.25			
558.957			101	
558.957				528.25
558.957				528.25
558.957		200.25		
558.957	441			
558.992			100.75	
558.992			100.75	
558.992				528.5
558.992		204.75		
558.992	436.75			
559.031			101	
559.031				528.25
559.031				528.25
559.031		214.25		
559.031	427.25			
559.065			101	
559.065				528
559.065		219.75		
559.065	421.75			
559.107			101	
559.107			101	
559.107				528.25
559.107		225.25		
559.107	416.5			
559.141			101	
559.141				528.5
559.141		230.25		
559.141	411.25			
559.175			100.75	
559.175				528.25
559.175		235		
559.175	406.25			
559.198			101	
559.198				528
559.198		239.25		
559.198	401.75			
559.231			101	
559.231				528.5
559.231		242.5		
559.231	397.75			
559.261			101	
559.261				528.5
559.261		242.5		
559.261	397.75			
559.294			101	
559.294				528.25
559.294		245.25		
559.294	395			
559.337			101	
559.337				528.25
559.337		248		
559.337	391.25			
559.337	391.25			
559.366			101.25	
559.366				528.25
559.366		248		
559.366	391			
559.366	391			
559.396			101.25	
559.396				528.25
559.396		248		
559.396	391			
559.396	391			
559.442			101	
559.442				528
559.442				528.5
559.442		245		
559.442	393.5			
559.474			101.25	
559.474				528
559.474		242.25		
559.474	395.75			
559.505			100.75	
559.505				528
559.505		238.75		
559.505	399.5			
559.538			101	
559.538				528
559.538		234.5		
559.538	403.25			
559.573			100.75	
559.573				528
559.573		229.5		
559.573	408.25			
559.605			101	
559.605				528
559.605				528
559.605		224		
559.605	413.5			
559.639			100.5	
559.639			101	
559.639				528
559.639		219		
559.639	418.5			
559.663			100.5	
559.663			101	
559.663				528
559.663		219		
559.663	418.5			
559.708			100.75	
559.708				528
559.708				527.75
559.708		209		
559.708	429			
559.736			101	
559.736				528
559.736		204		
559.736	433.75			
559.769			100.75	
559.769			100.75	
559.769				528
559.769		200		
559.769	438.5			
559.815			100.75	
559.815				528
559.815		196.25		
559.815	442.25			
559.842			101	
559.842				528
559.842		193.75		
559.842	445.5			
559.876			100.75	
559.876				528.25
559.876		191.75		
559.876	447.75			
559.911			101	
559.911				528.25
559.911		190.75		
559.911	448.75			
559.958			100.75	
559.958				528.25
559.958				528.25
559.958		190.75		
559.958	449.25			
559.983			100.75	
559.983				528.5
559.983				528
559.983		192		
559.983	448.5			
560.016			101	
560.016				528.5
560.016		194		
560.016	447			
560.046			100.75	
560.046				528.25
560.046		197.25		
560.046	444.25			
560.089			101	
560.089				528.5
560.089		200.75		
560.089	440.75			
560.112			100.75	
560.112				528
560.112				528.5
560.112		204.75		
560.112	436.75			
560.143			101	
560.143				528.5
560.143		209.5		
560.143	432			
560.173			101	
560.173			100.75	
560.173				528.25
560.173		215.25		
560.173	427.25			
560.207			100.75	
560.207				528.25
560.207		220		
560.207	421.75			
560.241			101	
560.241				528.25
560.241		225.5		
560.241	416.25			
560.279			101	
560.279				528.5
560.279		230.75		
560.279	411.25			
560.323			101	
560.323				528.5
560.323		235		
560.323	406			
560.357			101	
560.357				528.25
560.357		239.25		
560.357	401.75			
560.388			101	
560.388				528.25
560.388		242.75		
560.388	397.75			
560.424			100.75	
560.424				528
560.424		245.5		
560.424	395.25			
560.457			101	
560.457				528.25
560.457		247.25		
560.457	392.5			
560.488			101	
560.488				528
560.488		248		
560.488	391.5			
560.514			101	
560.514				528.5
560.514				528.25
560.514		248		
560.514	391.25			
560.547			101	
560.547			100.75	
560.547				528.25
560.547		246.75		
560.547	392.25			
560.583			101	
560.583				528.5
560.583		244.75		
560.583	393.75			
560.617			101	
560.617			100.75	
560.617				528.25
560.617				528
560.617		241.75		
560.617	396.25			
560.652			101	
560.652				528.25
560.652		238.25		
560.652	399.75			
560.685			100.75	
560.685				528
560.685		233.75		
560.685	403.5			
560.72			101	
560.72				528
560.72		229		
560.72	408.25			
560.752			100.75	
560.752				528
560.752		224		
560.752	413.5			
560.797			100.75	
560.797				528
560.797		213.5		
560.797	424			
560.827			100.75	
560.827				528
560.827		213.5		
560.827	424			
560.857			100.75	
560.857				528
560.857		208.75		
560.857	429			
560.888			100.75	
560.888				528
560.888		203.75		
560.888	434.25			
560.921			101	
560.921				528
560.921		199.5		
560.921	438.5			
560.954			100.75	
560.954				528
560.954		196.25		
560.954	442.25			
560.984			100.75	
560.984				528
560.984		193.5		
560.984	445.25			
561.016			100.75	
561.016				528
561.016				528.25
561.016		191.75		
561.016	447			
561.055			101	
561.055				528.25
561.055				528
561.055		190.75		
561.055	448.5			
561.089			101	
561.089				528.5
561.089		190.75		
561.089	449			
561.122			100.75	
561.122				528.5
561.122		192.25		
561.122	448			
561.157			101	
561.157				528.25
561.157				528.25
561.157		194.25		
561.157	446.25			
561.19			101	
561.19				528.25
561.19		197.25		
561.19	444.25			
561.219			101	
561.219				528.25
561.219		201		
561.219	440.5			
561.252			101	
561.252				528.25
561.252		205.25		
561.252	436.5			
561.284			100.75	
561.284				528.25
561.284		210.25		
561.284	431.75			
561.319			101	
561.319				528.25
561.319		215.25		
561.319	426.75			
561.353			101	
561.353				528.5
561.353		220.75		
561.353	421.75			
561.392			101	
561.392				528.25
561.392		226		
561.392	416.25			
561.422			101	
561.422				528.25
561.422				528.5
561.422		231		
561.422	411.25			
561.458			101	
561.458				528.25
561.458		235.5		
561.458	406			
561.489			101	
561.489				528.5
561.489		239.75		
561.489	401.75			
561.522			101	
561.522				528.25
561.522		243		
561.522	398			
561.553			101.25	
561.553				528.25
561.553		245.5		
561.553	395.25			
561.59			101	
561.59				528.25
561.59		247.5		
561.59	393.25			
561.617			100.75	
561.617				528
561.617		248		
561.617	391.75			
561.656			101	
561.656				528.25
561.656		248		
561.656	391.5			
561.691			101	
561.691				528.25
561.691		246.75		
561.691	392.25			
561.691	392.5			
561.721			101	
561.721				528.25
561.721		244.5		
561.721	393.75			
561.748			101	
561.748				528
561.748		241.5		
561.748	396.5			
561.779			101	
561.779				528.25
561.779		237.75		
561.779	400			
561.815			100.75	
561.815				528
561.815		233.5		
561.815	404			
561.852			101	
561.852				528.25
561.852		228.75		
561.852	408.75			
561.892			100.75	
561.892				528.25
561.892		223.5		
561.892	413.75			
561.924			100.75	
561.924				528.25
561.924		218.25		
561.924	418.75			
561.955			100.75	
561.955				528
561.955				528
561.955		213		
561.955	424			
561.993			100.75	
561.993				528
561.993				528.25
561.993		208		
561.993	429.25			
562.037			100.75	
562.037				528.25
562.037		199.25		
562.037	438.5			
562.071			100.75	
562.071				528
562.071		196		
562.071	442.25			
562.103			100.75	
562.103				528.25
562.103		193		
562.103	445.25			
562.134			100.75	
562.134				528.25
562.134		191.75		
562.134	447.25			
562.171			101	
562.171				528
562.171		190.75		
562.171	448.5			
562.205			101	
562.205			100.75	
562.205				528
562.205		191		
562.205	448.75			
562.236			101	
562.236				528.25
562.236		192		
562.236	448			
562.266			101	
562.266				528
562.266		194.5		
562.266	446			
562.298			101	
562.298				528.25
562.298				528.5
562.298		197.5		
562.298	443.75			
562.328			101	
562.328				528.25
562.328				528.5
562.328		197.5		
562.328	443.75			
562.361			101	
562.361				528.5
562.361				528.25
562.361		201.25		
562.361	440.25			
562.407			100.75	
562.407				528.25
562.407		210.5		
562.407	431.25			
562.447			101	
562.447				528.5
562.447		215.75		
562.447	426.25			
562.488			100.75	
562.488				528.5
562.488		221		
562.488	421			
562.52			101	
562.52				528.5
562.52		226.5		
562.52	416.25			
562.555			100.75	
562.555				528.5
562.555		231.5		
562.555	411.25			
562.582			101	
562.582				528.5
562.582		236		
562.582	406			
562.617			101	
562.617			100.75	
562.617				528.5
562.617		240.25		
562.617	401.75			
562.654			101	
562.654				528.25
562.654		243.25		
562.654	398			
562.686			101	
562.686			100.75	
562.686				528.5
562.686		246		
562.686	395.25			
562.712			101.25	
562.712				528.5
562.712		247.5		
562.712	393.25			
562.744			100.5	
562.744				528.5
562.744				528.25
562.744		248		
562.744	392.25			
562.789			100.75	
562.789				528.25
562.789				528.5
562.789		247.75		
562.789	392			
562.823			100.75	
562.823				528.25
562.823		246.5		
562.823	392.5			
562.86			100.75	
562.86				528.5
562.86		244.25		
562.86	394.5			
562.89			101	
562.89				528.5
562.89				528.25
562.89		241.25		
562.89	396.75			
562.923			101	
562.923				528.25
562.923				528
562.923		237.5		
562.923	400.5			
562.955			101	
562.955				528.5
562.955		233.5		
562.955	404.25			
562.991			100.75	
562.991			100.5	
562.991				528
562.991				528
562.991		228.25		
562.991	409.25			
563.026			100.75	
563.026				528.25
563.026		223		
563.026	413.75			
563.061			100.75	
563.061			101	
563.061				528.25
563.061		218		
563.061	419.25			
563.103			100.75	
563.103				528
563.103				527.75
563.103		207.75		
563.103	429.75			
563.137			101	
563.137				528
563.137				528
563.137		203		
563.137	434.5			
563.161			101	
563.161				528
563.161				528
563.161		203		
563.161	434.5			
563.203			101	
563.203				528.25
563.203		195.75		
563.203	442			
563.228			101	
563.228				528.25
563.228		195.75		
563.228	442			
563.269			100.75	
563.269				528.25
563.269		191.75		
563.269	447			
563.288			100.75	
563.288				528.25
563.288		191.75		
563.288	447			
563.323			100.75	
563.323				528.25
563.323		190.75		
563.323	448.25			
563.361			100.75	
563.361				528.25
563.361		191		
563.361	448.25			
563.394			100.75	
563.394				528
563.394		192.75		
563.394	447.5			
563.432			101	
563.432				528.5
563.432		194.5		
563.432	445.75			
563.474			101	
563.474				528.5
563.474		201.5		
563.474	439.75			
563.497			101	
563.497				528.5
563.497		205.75		
563.497	435.75			
563.537			101	
563.537				528.5
563.537				528.5
563.537		211		
563.537	431.25			
563.559			101	
563.559				528.5
563.559				528.5
563.559		211		
563.559	431.25			
563.591			100.75	
563.591				528.5
563.591		216		
563.591	426.25			
563.624			101	
563.624				528.5
563.624		221.25		
563.624	420.75			
563.657			101	
563.657				528.25
563.657		226.75		
563.657	415.5			
563.703			101	
563.703			101	
563.703				528.5
563.703		236		
563.703	406			
563.725			101	
563.725			101	
563.725				528.5
563.725		236		
563.725	406			
563.754			101	
563.754				528.5
563.754		240.25		
563.754	401.75			
563.785			101	
563.785				528.25
563.785				528.25
563.785		243.5		
563.785	398.5			
563.821			101	
563.821				528.25
563.821		246.25		
563.821	395.5			
563.857			101	
563.857				528.5
563.857		247.5		
563.857	393.5			
563.883			100.75	
563.883				528.25
563.883		248		
563.883	392.25			
563.927			101	
563.927				528.25
563.927		247.75		
563.927	392.25			
563.927	392.25			
563.951			101	
563.951				528.5
563.951				528.25
563.951		246.5		
563.951	393.25			
563.992			101	
563.992				528.25
563.992		244.25		
563.992	394.75			
564.025			101	
564.025				528.5
564.025		241		
564.025	397.5			
564.058			101	
564.058				528
564.058				528
564.058		237.5		
564.058	400.75			
564.092			100.75	
564.092				528.5
564.092		232.75		
564.092	405			
564.139			100.5	
564.139				528
564.139		222.75		
564.139	414.25			
564.17			100.75	
564.17				528
564.17				528
564.17		217.5		
564.17	419.5			
564.203			100.75	
564.203				528
564.203		212.5		
564.203	424.75			
564.231			100.75	
564.231				528
564.231		212.5		
564.231	424.75			
564.263			101	
564.263				528
564.263		207.75		
564.263	429.75			
564.295			100.75	
564.295				528
564.295		202.75		
564.295	434.5			
564.339			100.75	
564.339				528.25
564.339				528
564.339		195.25		
564.339	442.25			
564.371			100.75	
564.371				528
564.371		192.75		
564.371	445.25			
564.404			100.75	
564.404				528
564.404		191.75		
564.404	447			
564.439			100.75	
564.439				528.25
564.439		190.75		
564.439	448			
564.467			100.75	
564.467				528
564.467		191		
564.467	448			
564.503			101	
564.503				528
564.503		192.25		
564.503	447			
564.539			101	
564.539				528.25
564.539		194.5		
564.539	445.25			
564.572			100.75	
564.572				528
564.572		198		
564.572	442.5			
564.598			101	
564.598				528.25
564.598		201.5		
564.598	439.5			
564.633			101	
564.633				528.5
564.633		205.75		
564.633	435.25			
564.668			100.75	
564.668				528.25
564.668		211		
564.668	430.75			
564.705			101	
564.705				528.5
564.705		216.25		
564.705	425.5			
564.737			101	
564.737				528.5
564.737		221.75		
564.737	420.75			
564.771			100.75	
564.771				528.5
564.771		227		
564.771	415.5			
564.799			101	
564.799			100.75	
564.799				528.25
564.799		231.75		
564.799	410.5			
564.848			101	
564.848			101	
564.848				528.25
564.848		236.5		
564.848	405.75			
564.875			101	
564.875			101	
564.875				528.5
564.875		240.25		
564.875	401.75			
564.907			101	
564.907				528
564.907				528.25
564.907		243.5		
564.907	398.5			
564.938			100.75	
564.938				528.5
564.938		246.25		
564.938	395.5			
564.969			101	
564.969				528.5
564.969		247.5		
564.969	393.75			
565			101	
565				528.5
565		248.25		
565	392.5			
565.033			101	
565.033				528.5
565.033		248		
565.033	392.75			
565.072			100.75	
565.072				528.25
565.072		246.5		
565.072	393.75			
565.104			101	
565.104				528
565.104		244.25		
565.104	395.5			
565.138			101	
565.138				528.5
565.138		241.25		
565.138	397.75			
565.177			101	
565.177				528.25
565.177		237		
565.177	401.25			
565.22			100.75	
565.22				528.25
565.22		232.5		
565.22	405.25			
565.257			100.75	
565.257				528
565.257				528
565.257		228		
565.257	409.75			
565.287			100.75	
565.287			100.75	
565.287				528.5
565.287		223		
565.287	414.75			
565.339			100.75	
565.339				528
565.339				528
565.339		212.25		
565.339	425			
565.37			100.75	
565.37				528
565.37		207		
565.37	429.75			
565.406			100.75	
565.406				528.5
565.406		202.25		
565.406	434.75			
565.438			100.75	
565.438				528
565.438		198.25		
565.438	438.5			
565.486			100.5	
565.486			100.75	
565.486				528
565.486				528.25
565.486		195.25		
565.486	442.25			
565.52			100.5	
565.52				528.25
565.52		192.75		
565.52	444.75			
565.559			100.75	
565.559				528.5
565.559		191.25		
565.559	447			
565.587			101	
565.587				528.25
565.587		190.75		
565.587	447.75			
565.622			100.75	
565.622				528
565.622		191		
565.622	447.75			
565.653			101	
565.653				528.25
565.653				527.75
565.653		192.75		
565.653	447			
565.69			100.75	
565.69			100.75	
565.69				528.5
565.69		194.75		
565.69	445.25			
565.738			100.75	
565.738				528.5
565.738		201.75		
565.738	438.75			
565.77			101	
565.77				528
565.77				528.5
565.77		206.5		
565.77	434.75			
565.805			101	
565.805				528.5
565.805		211.25		
565.805	430			
565.837			101	
565.837				528.5
565.837		216.75		
565.837	425.25			
565.874			101	
565.874				528
565.874		222		
565.874	420.5			
565.912			101	
565.912				528.5
565.912				528.5
565.912		227		
565.912	415.25			
565.945			101	
565.945				528.5
565.945		232.25		
565.945	410.25			
565.991			101	
565.991				528.5
565.991		236.75		
565.991	405.75			
566.014			101	
566.014				528.5
566.014		241		
566.014	401.75			
566.048			100.75	
566.048				528.5
566.048				528.25
566.048		244		
566.048	398.25			
566.079			101	
566.079				528.5
566.079				528
566.079		246.25		
566.079	395.5			
566.11			101	
566.11			101	
566.11				528.5
566.11				528.75
566.11		247.5		
566.11	393.5			
566.153			101	
566.153				528.5
566.153		248.5		
566.153	392.5			
566.185			100.75	
566.185				528.25
566.185		247.75		
566.185	392.5			
566.213			101	
566.213				528.25
566.213		246.25		
566.213	393.75			
566.254			101	
566.254			100.75	
566.254				528.25
566.254		244.25		
566.254	395.5			
566.286			101	
566.286				528.25
566.286		241		
566.286	398			
566.31			100.75	
566.31				528.25
566.31				528.25
566.31		237		
566.31	401.75			
566.31	401.5			
566.342			100.75	
566.342			101	
566.342				528.25
566.342		232.5		
566.342	405.75			
566.373			100.75	
566.373				528.5
566.373		227.75		
566.373	410.5			
566.409			101	
566.409				528.25
566.409		222.25		
566.409	414.75			
566.443			101	
566.443				528
566.443		217		
566.443	420.25			
566.496			100.75	
566.496				528
566.496				528
566.496		206.75		
566.496	430			
566.524			100.75	
566.524				528
566.524				528
566.524		206.75		
566.524	430			
566.557			100.75	
566.557				528.25
566.557		202.25		
566.557	434.75			
566.59			100.5	
566.59			100.75	
566.59				528.25
566.59		198.25		
566.59	438.75			
566.625			100.75	
566.625				528.25
566.625		195		
566.625	442.25			
566.66			100.75	
566.66				528.5
566.66				528
566.66		192.75		
566.66	445			
566.703			101.25	
566.703				528.25
566.703		190.75		
566.703	447.5			
566.736			100.75	
566.736			100.75	
566.736				528
566.736		191		
566.736	447.5			
566.77			100.75	
566.77				528.25
566.77				528.5
566.77		192.75		
566.77	446.5			
566.806			100.75	
566.806				528
566.806		195		
566.806	444.25			
566.829			100.75	
566.829				528
566.829		195		
566.829	444.25			
566.864			100.75	
566.864				528.25
566.864		202		
566.864	438.5			
566.896			100.75	
566.896				528.25
566.896		202		
566.896	438.5			
566.926			101	
566.926				528
566.926				528
566.926		206.75		
566.926	434.25			
566.968			101	
566.968				528.25
566.968		217		
566.968	424.75			
567.003			101	
567.003				528.25
567.003		222		
567.003	419.75			
567.025			101	
567.025				528.25
567.025		222		
567.025	419.75			
567.072			100.75	
567.072				528.5
567.072		232.5		
567.072	410.25			
567.105			101	
567.105				528.5
567.105		237		
567.105	405.5			
567.135			101	
567.135				528.25
567.135				528.5
567.135		241		
567.135	401.75			
567.162			101	
567.162				528.25
567.162				528.5
567.162		241		
567.162	401.75			
567.196			100.75	
567.196			101	
567.196				528.5
567.196				528.25
567.196		246.25		
567.196	395.5			
567.237			101	
567.237				528.25
567.237		247.5		
567.237	393.75			
567.268			101	
567.268			100.75	
567.268				528.5
567.268				528.25
567.268		248.25		
567.268	393.25			
567.296			101	
567.296				528.5
567.296				528.25
567.296		247.5		
567.296	393.25			
567.328			101	
567.328				528.5
567.328				528.25
567.328		247.5		
567.328	393.25			
567.358			101	
567.358			100.75	
567.358				528.5
567.358		246.25		
567.358	393.75			
567.39			101	
567.39				528.25
567.39		243.75		
567.39	395.75			
567.429			101	
567.429				528.25
567.429		240.75		
567.429	398.75			
567.464			101	
567.464				528.25
567.464		236.75		
567.464	402			
567.505			101	
567.505				528
567.505		227.5		
567.505	410.75			
567.538			100.75	
567.538				528.25
567.538				528
567.538		222		
567.538	415.75			
567.571			100.75	
567.571				528
567.571		217		
567.571	420.75			
567.603			101.25	
567.603				528.25
567.603		211.75		
567.603	425.5			
567.635			100.75	
567.635			100.75	
567.635				528.5
567.635		206.5		
567.635	430.5			
567.663			100.75	
567.663			100.75	
567.663				528.5
567.663		206.5		
567.663	430.5			
567.697			100.75	
567.697				528
567.697		198.25		
567.697	438.5			
567.737			100.75	
567.737				528.5
567.737		195		
567.737	442			
567.772			100.75	
567.772				528.25
567.772		192.75		
567.772	445			
567.805			100.75	
567.805				528.25
567.805				528.25
567.805		191		
567.805	446.5			
567.837			100.75	
567.837				528
567.837		190.75		
567.837	447			
567.871			101	
567.871			100.5	
567.871				528.5
567.871		191		
567.871	447			
567.904			100.75	
567.904				528.25
567.904		192.75		
567.904	446			
567.954			100.75	
567.954				528.25
567.954				528.25
567.954		195.25		
567.954	444.25			
567.999			101	
567.999				528.25
567.999		202		
567.999	437.75			
568.036			101	
568.036				528.25
568.036		206.75		
568.036	433.75			
568.088			101.25	
568.088				528.25
568.088		211.75		
568.088	429.25			
568.131			101	
568.131				528
568.131				528.5
568.131		217.25		
568.131	424.5			
568.17			101	
568.17				528.25
568.17		227.5		
568.17	414.5			
568.203			101	
568.203				528.25
568.203		232.5		
568.203	409.75			
568.238			101	
568.238				528.25
568.238				528.5
568.238		237		
568.238	405.25			
568.271			100.75	
568.271				528.5
568.271		241.25		
568.271	401.75			
568.304			101.25	
568.304				528.25
568.304		244.25		
568.304	398.25			
568.336			101	
568.336				528
568.336		246.5		
568.336	395.75			
568.369			101	
568.369				528.5
568.369				528.5
568.369		247.5		
568.369	394			
568.403			101	
568.403				528.5
568.403		248.25		
568.403	393.25			
568.44			101	
568.44				528.5
568.44		247.5		
568.44	393.25			
568.469			100.75	
568.469				528.25
568.469		246.25		
568.469	394.5			
568.502			101	
568.502				528.25
568.502		243.75		
568.502	396.5			
568.532			101	
568.532				528.25
568.532		243.75		
568.532	396.5			
568.575			100.75	
568.575				528.5
568.575		236.5		
568.575	402.25			
568.601			100.75	
568.601				528.25
568.601		232.25		
568.601	406.5			
568.637			100.75	
568.637			101	
568.637				528
568.637		227.25		
568.637	411			
568.668			101.25	
568.668				528.5
568.668		222		
568.668	415.75			
568.703			100.75	
568.703				528
568.703		216.75		
568.703	421			
568.735			100.75	
568.735				528.25
568.735				528.5
568.735		211.75		
568.735	426			
568.766			101	
568.766				528.25
568.766		206.75		
568.766	430.75			
568.802			101	
568.802				528.5
568.802		202.25		
568.802	435			
568.834			100.5	
568.834				528
568.834		198		
568.834	439.25			
568.864			100.5	
568.864				528
568.864		198		
568.864	439.25			
568.894			100.75	
568.894				528.25
568.894		194.75		
568.894	442.25			
568.935			100.75	
568.935				528.25
568.935		191		
568.935	446.25			
568.959			100.75	
568.959				528.25
568.959		191		
568.959	446.25			
569.001			100.5	
569.001				528.25
569.001		191.25		
569.001	447			
569.036			101	
569.036				528.25
569.036		192.75		
569.036	446			
569.08			101	
569.08				528
569.08		195.25		
569.08	443.75			
569.119			100.75	
569.119				528
569.119		198.25		
569.119	441			
569.155			100.75	
569.155				528.25
569.155		202.5		
569.155	437.75			
569.186			100.75	
569.186				528
569.186		207		
569.186	433.5			
569.219			101	
569.219			100.75	
569.219				528.5
569.219		212.25		
569.219	429			
				
				
				
				
				
				
				
				
				
				
				
				
				
				
				
				
				
				
				
				
				
				
				
				
				
				
				
				
				
				
				
				
				
				
				
				
				
				
				
				
				
				
				
				
				
				
				
				
				
				
				
				
				
				
				
				
				
				
				
				
				
				
				
				
				
				
				
				
				
				
				
				
				
				
				
				
				
				
				
				
				
				
				
				
				
				
				
				
				
				
				
				
				
				
				
				
				
				
				
				
				
				
				
				
				
				
				
				
				
				
				
				
				
				
				
				
				
				
				
				
				
				
				
				
				
				
				
				
				
				
				
				
				
				
				
				
				
				
				
				
				
				
				
				
				
				
				
				
				
				
				
				
				
				
				
				
				
				
				
				
				
				
				
				
				
				
				
				
				
				
				
				
				
				
				
				
				
				
				
				
				
				
				
				
				
				
				
				
				
				
				
				
				
				
				
				
				
				
				
				
				
				
				
				
				
				
				
				
				
				
				
				
				
				
				
				
				
				
				
				
				
				
				
				
				
				
				
				
				
				
				
				
				
				
				
				
				
				
				
				
				
				
				
				
				
				
				
				
				
				
				
				
				
				
				
				
				
				
				
				
				
				
				
				
				
				
				
				
				
				
				
				
				
				
				
				
				
				
				
				
				
				
				
				
				
				
				
				
				
				
				
				
				
				
				
				
				
				
				
				
				
				
				
				
				
				
				
				
				
				
				
				
				
				
				
				
				
				
				
				
				
				
				
				
				
				
				
				
				
				
				
				
				
				
				
				
				
				
				
				
				
				
				
				
				
